Position,Const,Created,Modified,Description,Title,Original Title,URL,Title Type,IMDb Rating,Runtime (mins),Year,Genres,Num Votes,Release Date,Directors,Your Rating,Date Rated
1,tt0253474,2012-12-30,2012-12-30,,"The Pianist","The Pianist",https://www.imdb.com/title/tt0253474/,Movie,8.5,150,2002,"Biography, Drama, Music, War",984645,2003-03-28,"Roman Polanski",,
2,tt2209418,2013-01-20,2013-01-20,,"Before Midnight","Before Midnight",https://www.imdb.com/title/tt2209418/,Movie,7.9,109,2013,"Drama, Romance",181831,2013-06-14,"Richard Linklater",,
3,tt1014762,2013-09-17,2013-09-17,,"Home","Home",https://www.imdb.com/title/tt1014762/,Movie,8.5,118,2009,"Documentary, Family",23362,2009-06-05,"Yann Arthus-Bertrand",,
4,tt0816442,2013-12-21,2013-12-21,,"The Book Thief","The Book Thief",https://www.imdb.com/title/tt0816442/,Movie,7.5,131,2013,"Drama, War",146067,2013-11-27,"Brian Percival",,
5,tt2316411,2014-02-15,2014-02-15,,"Enemy","Enemy",https://www.imdb.com/title/tt2316411/,Movie,6.9,91,2013,"Drama, Mystery, Thriller",231217,2014-02-06,"Denis Villeneuve",,
6,tt0105695,2014-03-01,2014-03-01,,"Unforgiven","Unforgiven",https://www.imdb.com/title/tt0105695/,Movie,8.2,130,1992,"Drama, Western",459992,1992-08-07,"Clint Eastwood",,
7,tt0314353,2014-06-30,2014-06-30,,"Tears of the Sun","Tears of the Sun",https://www.imdb.com/title/tt0314353/,Movie,6.6,121,2003,"Action, Drama, Thriller, War",135771,2003-03-07,"Antoine Fuqua",,
8,tt2545118,2014-07-16,2014-07-16,,"Blackfish","Blackfish",https://www.imdb.com/title/tt2545118/,Movie,8.1,83,2013,"Documentary, Drama, Thriller",75559,2013-07-26,"Gabriela Cowperthwaite",,
9,tt1972571,2014-07-22,2014-07-22,,"A Most Wanted Man","A Most Wanted Man",https://www.imdb.com/title/tt1972571/,Movie,6.7,122,2014,"Crime, Drama, Thriller",83504,2014-08-01,"Anton Corbijn",,
10,tt3597606,2015-02-02,2015-02-02,,"Dig","Dig",https://www.imdb.com/title/tt3597606/,TV Mini Series,6.8,60,2015,"Drama, Mystery, Thriller",6045,2015-03-05,,,
11,tt3077214,2015-06-09,2015-06-09,,"Suffragette","Suffragette",https://www.imdb.com/title/tt3077214/,Movie,6.9,106,2015,"Drama, History",45972,2015-10-12,"Sarah Gavron",,
12,tt3316948,2015-06-09,2015-06-09,,"American Ultra","American Ultra",https://www.imdb.com/title/tt3316948/,Movie,6.1,96,2015,"Action, Comedy",99189,2015-08-21,"Nima Nourizadeh",,
13,tt1355683,2015-06-09,2015-06-09,,"Black Mass","Black Mass",https://www.imdb.com/title/tt1355683/,Movie,6.8,123,2015,"Biography, Crime, Drama",199996,2015-09-18,"Scott Cooper",,
14,tt0056241,2015-10-14,2015-10-14,,"The Miracle Worker","The Miracle Worker",https://www.imdb.com/title/tt0056241/,Movie,8.1,106,1962,"Biography, Drama",21773,1962-07-28,"Arthur Penn",,
15,tt3076658,2015-12-15,2015-12-15,,"Creed","Creed",https://www.imdb.com/title/tt3076658/,Movie,7.6,133,2015,"Action, Drama, Sport",326967,2015-11-25,"Ryan Coogler",,
16,tt4179452,2015-12-17,2015-12-17,,"The Last Kingdom","The Last Kingdom",https://www.imdb.com/title/tt4179452/,TV Series,8.5,60,2015,"Action, Drama, History",181889,2015-10-10,,,
17,tt3865236,2015-12-17,2015-12-17,,"Into the Badlands","Into the Badlands",https://www.imdb.com/title/tt3865236/,TV Series,7.9,42,2015,"Action, Adventure, Drama, Fantasy",51994,2015-11-15,,,
18,tt0412080,2016-01-13,2016-01-13,,"The World's Fastest Indian","The World's Fastest Indian",https://www.imdb.com/title/tt0412080/,Movie,7.8,127,2005,"Biography, Drama, Sport",62593,2006-03-24,"Roger Donaldson",,
19,tt3991412,2016-07-02,2016-07-02,,"The 9th Life of Louis Drax","The 9th Life of Louis Drax",https://www.imdb.com/title/tt3991412/,Movie,6.3,108,2016,"Drama, Mystery, Thriller",15615,2016-09-02,"Alexandre Aja",,
20,tt2660888,2016-07-02,2016-07-02,,"Star Trek Beyond","Star Trek Beyond",https://www.imdb.com/title/tt2660888/,Movie,7.0,122,2016,"Action, Adventure, Sci-Fi, Thriller",266689,2016-07-22,"Justin Lin",,
21,tt3062096,2016-07-02,2016-07-02,,"Inferno","Inferno",https://www.imdb.com/title/tt3062096/,Movie,6.2,121,2016,"Action, Adventure, Crime, Drama, Mystery, Thriller",198437,2016-10-28,"Ron Howard",,
22,tt0108052,2016-07-02,2016-07-02,,"Schindler's List","Schindler's List",https://www.imdb.com/title/tt0108052/,Movie,9.0,195,1993,"Biography, Drama, History",1547057,1994-02-04,"Steven Spielberg",,
23,tt0050083,2016-07-02,2016-07-02,,"12 Angry Men","12 Angry Men",https://www.imdb.com/title/tt0050083/,Movie,9.0,96,1957,"Crime, Drama",949432,1957-04-10,"Sidney Lumet",,
24,tt1124037,2016-07-20,2016-07-20,,"Free State of Jones","Free State of Jones",https://www.imdb.com/title/tt1124037/,Movie,6.9,139,2016,"Action, Biography, Drama, History, War, Western",67126,2016-06-24,"Gary Ross",,
25,tt0168122,2016-08-21,2016-08-21,,"Pirates of Silicon Valley","Pirates of Silicon Valley",https://www.imdb.com/title/tt0168122/,TV Movie,7.2,95,1999,"Biography, Drama, History",25880,1999-06-20,"Martyn Burke",,
26,tt0082096,2016-12-17,2016-12-17,,"Das Boot","Das Boot",https://www.imdb.com/title/tt0082096/,Movie,8.4,149,1981,"Drama, War",282407,1982-02-10,"Wolfgang Petersen",,
27,tt0078788,2016-12-17,2016-12-17,,"Apocalypse Now","Apocalypse Now",https://www.imdb.com/title/tt0078788/,Movie,8.4,147,1979,"Drama, Mystery, War",752333,1979-08-15,"Francis Ford Coppola",,
28,tt3147312,2017-03-10,2017-03-10,,"Desierto","Desierto",https://www.imdb.com/title/tt3147312/,Movie,6.1,88,2015,"Action, Adventure, Drama, Thriller",11223,2016-04-13,"Jonás Cuarón",,
29,tt0095953,2017-06-25,2017-06-25,,"Rain Man","Rain Man",https://www.imdb.com/title/tt0095953/,Movie,8.0,133,1988,"Drama",572087,1988-12-16,"Barry Levinson",,
30,tt2776878,2017-06-25,2017-06-25,,"Thank You for Your Service","Thank You for Your Service",https://www.imdb.com/title/tt2776878/,Movie,6.6,109,2017,"Biography, Drama, War",16671,2017-10-27,"Jason Hall",,
31,tt5478478,2017-11-24,2017-11-24,,"Hostiles","Hostiles",https://www.imdb.com/title/tt5478478/,Movie,7.2,134,2017,"Drama, Western",103811,2018-01-26,"Scott Cooper",,
32,tt3829920,2017-11-24,2017-11-24,,"Only the Brave","Only the Brave",https://www.imdb.com/title/tt3829920/,Movie,7.6,134,2017,"Action, Biography, Drama",87270,2017-10-20,"Joseph Kosinski",,
33,tt0181984,2018-02-16,2018-02-16,,"Boiler Room","Boiler Room",https://www.imdb.com/title/tt0181984/,Movie,7.0,120,2000,"Crime, Drama, Thriller",58924,2000-02-18,"Ben Younger",,
34,tt0120889,2018-02-16,2018-02-16,,"What Dreams May Come","What Dreams May Come",https://www.imdb.com/title/tt0120889/,Movie,7.0,113,1998,"Drama, Fantasy, Romance",118650,1998-10-02,"Vincent Ward",,
35,tt6294822,2018-02-24,2018-02-24,,"The Post","The Post",https://www.imdb.com/title/tt6294822/,Movie,7.2,116,2017,"Biography, Drama, History, Thriller, War",169298,2018-01-12,"Steven Spielberg",,
36,tt3402236,2018-02-24,2018-02-24,,"Murder on the Orient Express","Murder on the Orient Express",https://www.imdb.com/title/tt3402236/,Movie,6.5,114,2017,"Comedy, Crime, Drama, Mystery, Thriller",314651,2017-11-10,"Kenneth Branagh",,
37,tt4209788,2018-02-25,2018-02-25,,"Molly's Game","Molly's Game",https://www.imdb.com/title/tt4209788/,Movie,7.4,140,2017,"Biography, Crime, Drama",199000,2018-01-05,"Aaron Sorkin",,
38,tt0071075,2018-03-04,2018-03-04,,"The World at War","The World at War",https://www.imdb.com/title/tt0071075/,TV Series,9.2,52,1973,"Documentary, History, War",34077,1973-10-31,,,
39,tt6152554,2018-04-14,2018-04-14,,"Do You Trust This Computer?","Do You Trust This Computer?",https://www.imdb.com/title/tt6152554/,Movie,7.3,78,2018,"Documentary",1702,2018-04-05,"Chris Paine",,
40,tt4964788,2018-05-18,2018-05-18,,"Everybody Knows","Todos lo saben",https://www.imdb.com/title/tt4964788/,Movie,6.9,133,2018,"Crime, Drama, Mystery, Thriller",39782,2019-02-08,"Asghar Farhadi",,
41,tt4701182,2018-06-05,2018-06-05,,"Bumblebee","Bumblebee",https://www.imdb.com/title/tt4701182/,Movie,6.7,114,2018,"Action, Adventure, Sci-Fi",202826,2018-12-21,"Travis Knight",,
42,tt8106576,2018-08-11,2018-08-11,,"The Bleeding Edge","The Bleeding Edge",https://www.imdb.com/title/tt8106576/,Movie,7.6,99,2018,"Documentary",3239,2018-07-27,"Kirby Dick",,
43,tt1157720,2018-08-18,2018-08-18,,"Stranded","Stranded: I've Come from a Plane That Crashed on the Mountains",https://www.imdb.com/title/tt1157720/,Movie,8.0,130,2007,"Documentary",1535,2008-10-22,"Gonzalo Arijon",,
44,tt0462504,2018-08-18,2018-08-18,,"Rescue Dawn","Rescue Dawn",https://www.imdb.com/title/tt0462504/,Movie,7.2,125,2006,"Adventure, Biography, War",114535,2007-07-27,"Werner Herzog",,
45,tt2216240,2018-08-18,2018-08-18,,"A Hijacking","Kapringen",https://www.imdb.com/title/tt2216240/,Movie,7.1,103,2012,"Drama, Thriller",17895,2012-09-20,"Tobias Lindholm",,
46,tt4537896,2018-08-26,2018-08-26,,"White Boy Rick","White Boy Rick",https://www.imdb.com/title/tt4537896/,Movie,6.5,111,2018,"Crime, Drama",47298,2018-09-14,"Yann Demange",,
47,tt0454921,2018-09-20,2018-09-20,,"The Pursuit of Happyness","The Pursuit of Happyness",https://www.imdb.com/title/tt0454921/,Movie,8.0,117,2006,"Biography, Drama",602343,2006-12-15,"Gabriele Muccino",,
48,tt1742683,2018-09-20,2018-09-20,,"Too Big to Fail","Too Big to Fail",https://www.imdb.com/title/tt1742683/,TV Movie,7.2,99,2011,"Biography, Drama",20547,2011-05-23,"Curtis Hanson",,
49,tt1645089,2018-09-20,2018-09-20,,"Inside Job","Inside Job",https://www.imdb.com/title/tt1645089/,Movie,8.2,109,2010,"Documentary, Crime",81923,2010-11-12,"Charles Ferguson",,
50,tt0375679,2018-09-28,2018-09-28,,"Crash","Crash",https://www.imdb.com/title/tt0375679/,Movie,7.7,112,2004,"Crime, Drama, Thriller",457980,2005-05-06,"Paul Haggis",,
51,tt0169547,2018-09-28,2018-09-28,,"American Beauty","American Beauty",https://www.imdb.com/title/tt0169547/,Movie,8.3,122,1999,"Drama",1261280,1999-10-01,"Sam Mendes",,
52,tt6343314,2018-09-28,2018-09-28,,"Creed II","Creed II",https://www.imdb.com/title/tt6343314/,Movie,7.1,130,2018,"Action, Drama, Sport",165701,2018-11-21,"Steven Caple Jr.",,
53,tt4123430,2018-09-28,2018-09-28,,"Fantastic Beasts: The Crimes of Grindelwald","Fantastic Beasts: The Crimes of Grindelwald",https://www.imdb.com/title/tt4123430/,Movie,6.5,134,2018,"Adventure, Family, Fantasy",325078,2018-11-16,"David Yates",,
54,tt5968394,2018-11-10,2018-11-10,,"Captive State","Captive State",https://www.imdb.com/title/tt5968394/,Movie,6.0,109,2019,"Sci-Fi, Thriller",59928,2019-03-15,"Rupert Wyatt",,
55,tt6679794,2018-11-10,2018-11-10,,"Outlaw King","Outlaw King",https://www.imdb.com/title/tt6679794/,Movie,6.9,121,2018,"Action, Biography, Drama, History, War",86156,2018-11-09,"David Mackenzie",,
56,tt1596345,2018-11-10,2018-11-10,,"Pawn Sacrifice","Pawn Sacrifice",https://www.imdb.com/title/tt1596345/,Movie,7.0,115,2014,"Biography, Drama, History, Sport, Thriller",53052,2015-09-25,"Edward Zwick",,
57,tt0172495,2018-11-10,2018-11-10,,"Gladiator","Gladiator",https://www.imdb.com/title/tt0172495/,Movie,8.5,155,2000,"Action, Adventure, Drama",1795438,2000-05-05,"Ridley Scott",8,2022-01-22
58,tt0112573,2018-11-10,2018-11-10,,"Braveheart","Braveheart",https://www.imdb.com/title/tt0112573/,Movie,8.3,178,1995,"Biography, Drama, War",1141456,1995-05-24,"Mel Gibson",,
59,tt0317248,2018-11-10,2018-11-10,,"City of God","Cidade de Deus",https://www.imdb.com/title/tt0317248/,Movie,8.6,130,2002,"Crime, Drama",849914,2004-02-13,"Fernando Meirelles, Kátia Lund",,
60,tt0180093,2018-11-10,2018-11-10,,"Requiem for a Dream","Requiem for a Dream",https://www.imdb.com/title/tt0180093/,Movie,8.3,102,2000,"Drama",952106,2000-12-15,"Darren Aronofsky",,
61,tt1291584,2018-11-10,2018-11-10,,"Warrior","Warrior",https://www.imdb.com/title/tt1291584/,Movie,8.1,140,2011,"Action, Drama, Sport",520276,2011-09-09,"Gavin O'Connor",,
62,tt0469494,2018-11-10,2018-11-10,,"There Will Be Blood","There Will Be Blood",https://www.imdb.com/title/tt0469494/,Movie,8.2,158,2007,"Drama",683913,2008-01-25,"Paul Thomas Anderson",,
63,tt1205489,2018-11-10,2018-11-10,,"Gran Torino","Gran Torino",https://www.imdb.com/title/tt1205489/,Movie,8.1,116,2008,"Drama",848158,2009-01-09,"Clint Eastwood",,
64,tt1028532,2018-11-10,2018-11-10,,"Hachi: A Dog's Tale","Hachi: A Dog's Tale",https://www.imdb.com/title/tt1028532/,Movie,8.1,93,2009,"Biography, Drama, Family",333787,2010-03-12,"Lasse Hallström",,
65,tt0245712,2018-11-10,2018-11-10,,"Amores Perros","Amores perros",https://www.imdb.com/title/tt0245712/,Movie,8.0,154,2000,"Drama, Thriller",269547,2001-04-13,"Alejandro G. Iñárritu",,
66,tt2066051,2019-02-23,2019-02-23,,"Rocketman","Rocketman",https://www.imdb.com/title/tt2066051/,Movie,7.3,121,2019,"Biography, Drama, Music, Musical",205556,2019-05-31,"Dexter Fletcher",,
67,tt1860242,2019-02-24,2019-02-24,,"The Highwaymen","The Highwaymen",https://www.imdb.com/title/tt1860242/,Movie,6.9,132,2019,"Biography, Crime, Drama, Mystery, Thriller, Western",111122,2019-03-29,"John Lee Hancock",,
68,tt6704776,2019-03-09,2019-03-09,,"The Photographer of Mauthausen","El fotógrafo de Mauthausen",https://www.imdb.com/title/tt6704776/,Movie,6.8,110,2018,"Biography, Drama, History, Thriller, War",13575,2018-10-26,"Mar Targarona",,
69,tt4154664,2019-03-13,2019-03-13,,"Captain Marvel","Captain Marvel",https://www.imdb.com/title/tt4154664/,Movie,6.7,123,2019,"Action, Adventure, Sci-Fi",644066,2019-03-08,"Anna Boden, Ryan Fleck",,
70,tt3569230,2019-04-27,2019-04-27,,"Legend","Legend",https://www.imdb.com/title/tt3569230/,Movie,6.9,132,2015,"Biography, Crime, Drama, Thriller",218135,2015-11-20,"Brian Helgeland",,
71,tt0111495,2019-05-02,2019-05-02,,"Three Colors: Red","Trois couleurs : Rouge",https://www.imdb.com/title/tt0111495/,Movie,8.1,99,1994,"Drama, Mystery, Romance",114969,1994-11-23,"Krzysztof Kieslowski",,
72,tt6189022,2019-05-18,2019-05-18,,"Angel Has Fallen","Angel Has Fallen",https://www.imdb.com/title/tt6189022/,Movie,6.4,121,2019,"Action, Thriller",119404,2019-08-23,"Ric Roman Waugh",,
73,tt3361792,2019-05-18,2019-05-18,,"Tolkien","Tolkien",https://www.imdb.com/title/tt3361792/,Movie,6.8,112,2019,"Biography, Drama, Romance, War",50140,2019-05-10,"Dome Karukoski",,
74,tt1206885,2019-06-01,2019-06-01,,"Rambo: Last Blood","Rambo: Last Blood",https://www.imdb.com/title/tt1206885/,Movie,6.1,89,2019,"Action, Crime, Thriller",116933,2019-09-20,"Adrian Grunberg",,
75,tt6450804,2019-06-01,2019-06-01,,"Terminator: Dark Fate","Terminator: Dark Fate",https://www.imdb.com/title/tt6450804/,Movie,6.2,128,2019,"Action, Adventure, Sci-Fi",207567,2019-11-01,"Tim Miller",,
76,tt2935510,2019-06-08,2019-06-08,,"Ad Astra","Ad Astra",https://www.imdb.com/title/tt2935510/,Movie,6.5,123,2019,"Adventure, Drama, Mystery, Sci-Fi, Thriller",273991,2019-09-20,"James Gray",,
77,tt6924650,2019-09-15,2019-09-15,,"Midway","Midway",https://www.imdb.com/title/tt6924650/,Movie,6.7,138,2019,"Action, Drama, History, War",102340,2019-11-08,"Roland Emmerich",,
78,tt1502397,2019-09-15,2019-09-15,,"Bad Boys for Life","Bad Boys for Life",https://www.imdb.com/title/tt1502397/,Movie,6.5,124,2020,"Action, Comedy, Crime, Thriller",193026,2020-01-17,"Adil El Arbi, Bilall Fallah",,
79,tt1302006,2019-09-28,2019-09-28,,"The Irishman","The Irishman",https://www.imdb.com/title/tt1302006/,Movie,7.8,209,2019,"Biography, Crime, Drama, History, Thriller",460127,2019-11-27,"Martin Scorsese",,
80,tt0211915,2019-09-30,2019-09-30,,"Amélie","Le fabuleux destin d'Amélie Poulain",https://www.imdb.com/title/tt0211915/,Movie,8.3,122,2001,"Comedy, Romance",826323,2002-02-08,"Jean-Pierre Jeunet",,
81,tt5278386,2019-10-17,2019-10-17,,"Think and Grow Rich: The Legacy","Think and Grow Rich: The Legacy",https://www.imdb.com/title/tt5278386/,Movie,7.5,105,2017,"Documentary",194,2017-10,"Scott Cervine",,
82,tt1560220,2019-11-02,2019-11-02,,"Zombieland: Double Tap","Zombieland: Double Tap",https://www.imdb.com/title/tt1560220/,Movie,6.7,99,2019,"Action, Comedy, Horror",218976,2019-10-18,"Ruben Fleischer",,
83,tt2584384,2019-11-02,2019-11-02,,"Jojo Rabbit","Jojo Rabbit",https://www.imdb.com/title/tt2584384/,Movie,7.9,108,2019,"Comedy, Drama, War",475357,2019-11-08,"Taika Waititi",,
84,tt6398184,2019-11-02,2019-11-02,,"Downton Abbey","Downton Abbey",https://www.imdb.com/title/tt6398184/,Movie,7.4,122,2019,"Drama, Romance",68545,2019-09-20,"Michael Engler",,
85,tt8367814,2019-12-24,2019-12-24,,"The Gentlemen","The Gentlemen",https://www.imdb.com/title/tt8367814/,Movie,7.8,113,2019,"Action, Crime",441863,2020-01-24,"Guy Ritchie",,
86,tt5116302,2019-12-24,2019-12-24,,"Togo","Togo",https://www.imdb.com/title/tt5116302/,Movie,7.9,113,2019,"Adventure, Biography, Drama, Family, History",59671,2019-12-20,"Ericson Core",,
87,tt7456310,2020-01-12,2020-01-12,,"Anna","Anna",https://www.imdb.com/title/tt7456310/,Movie,6.7,118,2019,"Action, Thriller",104635,2019-06-21,"Luc Besson",,
88,tt9071322,2020-01-25,2020-01-25,,"Dark Waters","Dark Waters",https://www.imdb.com/title/tt9071322/,Movie,7.6,126,2019,"Biography, Drama, History, Thriller",118019,2019-12-06,"Todd Haynes",,
89,tt0385887,2020-02-22,2020-02-22,,"Motherless Brooklyn","Motherless Brooklyn",https://www.imdb.com/title/tt0385887/,Movie,6.8,144,2019,"Crime, Drama, Mystery",65353,2019-11-01,"Edward Norton",,
90,tt7282468,2020-04-17,2020-04-17,,"Burning","Beoning",https://www.imdb.com/title/tt7282468/,Movie,7.4,148,2018,"Drama, Mystery, Thriller",83282,2018-05-17,"Lee Chang-dong",,
91,tt0479143,2020-05-16,2020-05-16,,"Rocky Balboa","Rocky Balboa",https://www.imdb.com/title/tt0479143/,Movie,7.1,102,2006,"Drama, Sport",239664,2006-12-20,"Sylvester Stallone",,
92,tt2473476,2020-05-16,2020-05-16,,"Be Here Now","Be Here Now",https://www.imdb.com/title/tt2473476/,Movie,8.5,100,2015,"Documentary, Biography, Drama, Family",3654,2017-02-28,"Lilibet Foster",,
93,tt0416320,2020-05-16,2020-05-16,,"Match Point","Match Point",https://www.imdb.com/title/tt0416320/,Movie,7.6,124,2005,"Drama, Romance, Thriller",235690,2006-01-20,"Woody Allen",,
94,tt2140373,2020-05-20,2020-05-20,,"Saving Mr. Banks","Saving Mr. Banks",https://www.imdb.com/title/tt2140373/,Movie,7.5,125,2013,"Biography, Comedy, Drama",173948,2013-12-20,"John Lee Hancock",,
95,tt1737747,2020-05-23,2020-05-23,,"Something Ventured","Something Ventured",https://www.imdb.com/title/tt1737747/,Movie,7.0,84,2011,"Documentary, Biography, History",820,2011-04-24,"Daniel Geller, Dayna Goldfine",,
96,tt5259822,2020-07-21,2020-07-21,,"Tesla","Tesla",https://www.imdb.com/title/tt5259822/,Movie,5.1,102,2020,"Biography, Drama",11229,2020-08-21,"Michael Almereyda",,
97,tt4026336,2020-08-12,2020-08-12,,"The Secret Life of Cats","The Secret Life of Cats",https://www.imdb.com/title/tt4026336/,TV Movie,7.7,47,2014,"Documentary",151,2014-06-02,"Luke Wiles",,
98,tt0920462,2020-08-15,2020-08-15,,"Lost Girls and Love Hotels","Lost Girls and Love Hotels",https://www.imdb.com/title/tt0920462/,Movie,4.7,97,2020,"Drama, Thriller",6087,2020-09-18,"William Olsson",,
99,tt4669788,2020-10-10,2020-10-10,,"On the Basis of Sex","On the Basis of Sex",https://www.imdb.com/title/tt4669788/,Movie,7.1,120,2018,"Biography, Drama, History",41475,2019-01-11,"Mimi Leder",,
100,tt1212428,2020-10-10,2020-10-10,,"The Lost City of Z","The Lost City of Z",https://www.imdb.com/title/tt1212428/,Movie,6.6,141,2016,"Adventure, Biography, Drama, History",104117,2017-04-21,"James Gray",,
101,tt5932728,2020-10-10,2020-10-10,,"The Professor and the Madman","The Professor and the Madman",https://www.imdb.com/title/tt5932728/,Movie,7.2,124,2019,"Biography, Drama, History",53830,2019-05-10,"Farhad Safinia",,
102,tt0099077,2020-10-10,2020-10-10,,"Awakenings","Awakenings",https://www.imdb.com/title/tt0099077/,Movie,7.8,121,1990,"Biography, Drama",172411,1991-01-11,"Penny Marshall",,
103,tt0129290,2020-10-10,2020-10-10,,"Patch Adams","Patch Adams",https://www.imdb.com/title/tt0129290/,Movie,6.9,115,1998,"Biography, Comedy, Drama, Romance",127719,1998-12-25,"Tom Shadyac",,
104,tt4807408,2020-10-10,2020-10-10,,"The Best of Enemies","The Best of Enemies",https://www.imdb.com/title/tt4807408/,Movie,7.3,133,2019,"Biography, Drama, History",21170,2019-04-05,"Robin Bissell",,
105,tt1020072,2020-10-10,2020-10-10,,"Selma","Selma",https://www.imdb.com/title/tt1020072/,Movie,7.5,128,2014,"Biography, Drama, History",98133,2015-01-09,"Ava DuVernay",,
106,tt6878306,2020-10-25,2020-10-25,,"News of the World","News of the World",https://www.imdb.com/title/tt6878306/,Movie,6.8,118,2020,"Action, Adventure, Drama, Western",99587,2020-12-25,"Paul Greengrass",,
107,tt8337320,2020-10-25,2020-10-25,,"The Last Vermeer","The Last Vermeer",https://www.imdb.com/title/tt8337320/,Movie,6.7,118,2019,"Drama, War",6417,2020-11-20,"Dan Friedkin",,
108,tt7440726,2020-10-25,2020-10-25,,"Your Honor","Your Honor",https://www.imdb.com/title/tt7440726/,TV Series,7.6,60,2020,"Crime, Drama, Thriller",77978,2020-12-06,,,
109,tt1838556,2020-10-25,2020-10-25,,"Honest Thief","Honest Thief",https://www.imdb.com/title/tt1838556/,Movie,6.0,99,2020,"Action, Crime, Drama, Thriller",61922,2020-10-16,"Mark Williams",,
110,tt2382320,2020-10-25,2020-10-25,,"No Time to Die","No Time to Die",https://www.imdb.com/title/tt2382320/,Movie,7.3,163,2021,"Action, Adventure, Thriller",472042,2021-10-08,"Cary Joji Fukunaga",,
111,tt10384744,2020-11-03,2020-11-03,,"Heroic Losers","La odisea de los giles",https://www.imdb.com/title/tt10384744/,Movie,7.2,116,2019,"Adventure, Comedy, Crime, Drama, History, Thriller",14424,2019-08-15,"Sebastián Borensztein",,
112,tt6011170,2020-12-29,2020-12-29,,"Onoda's War","Onoda's War",https://www.imdb.com/title/tt6011170/,Short,,,2016,"Short, History",0,2016-02-16,"Rhyme Lu",,
113,tt10633456,2021-01-16,2021-01-16,,"Minari","Minari",https://www.imdb.com/title/tt10633456/,Movie,7.4,115,2020,"Drama",105826,2021-02-12,"Lee Isaac Chung",,
114,tt7638348,2021-02-14,2021-02-14,,"Boss Level","Boss Level",https://www.imdb.com/title/tt7638348/,Movie,6.8,100,2020,"Action, Adventure, Comedy, Mystery, Sci-Fi, Thriller",86772,2021-03-05,"Joe Carnahan",,
115,tt0993840,2021-02-28,2021-02-28,,"Army of the Dead","Army of the Dead",https://www.imdb.com/title/tt0993840/,Movie,5.8,148,2021,"Action, Adventure, Crime, Drama, Horror, Sci-Fi, Thriller, War",197563,2021-05-21,"Zack Snyder",,
116,tt7808566,2021-03-27,2021-03-27,,"Made for Love","Made for Love",https://www.imdb.com/title/tt7808566/,TV Series,6.9,30,2021,"Comedy, Drama, Sci-Fi, Thriller",13439,2021-04-01,,,
117,tt9203586,2021-04-06,2021-04-06,,"Cryptopia: Bitcoin, Blockchains and the Future of the Internet","Cryptopia: Bitcoin, Blockchains and the Future of the Internet",https://www.imdb.com/title/tt9203586/,Movie,6.8,86,2020,"Documentary",1479,2020-05-07,"Torsten Hoffmann, Michael Watchulonis",,
118,tt0369339,2021-04-11,2021-04-11,,"Collateral","Collateral",https://www.imdb.com/title/tt0369339/,Movie,7.5,120,2004,"Action, Crime, Drama, Thriller",457013,2004-08-06,"Michael Mann",,
119,tt0758774,2021-04-11,2021-04-11,,"Body of Lies","Body of Lies",https://www.imdb.com/title/tt0758774/,Movie,7.0,128,2008,"Action, Drama, Thriller",247283,2008-10-10,"Ridley Scott",,
120,tt0036112,2021-05-20,2021-05-20,,"The Life and Death of Colonel Blimp","The Life and Death of Colonel Blimp",https://www.imdb.com/title/tt0036112/,Movie,8.0,163,1943,"Drama, Romance, War",17760,1944-08-30,"Michael Powell, Emeric Pressburger",,
121,tt9620292,2021-05-29,2021-05-29,,"Promising Young Woman","Promising Young Woman",https://www.imdb.com/title/tt9620292/,Movie,7.5,113,2020,"Crime, Drama, Mystery, Thriller",229950,2020-12-25,"Emerald Fennell",,
122,tt9742794,2021-05-29,2021-05-29,,"The Vault","Way Down",https://www.imdb.com/title/tt9742794/,Movie,6.4,118,2021,"Action, Thriller",34289,2021-03-26,"Jaume Balagueró",,
123,tt0114814,2021-07-09,2021-07-09,,"The Usual Suspects","The Usual Suspects",https://www.imdb.com/title/tt0114814/,Movie,8.5,106,1995,"Crime, Drama, Mystery, Thriller",1207563,1995-08-16,"Bryan Singer",,
124,tt0070735,2021-08-29,2021-08-29,,"The Sting","The Sting",https://www.imdb.com/title/tt0070735/,Movie,8.2,129,1973,"Comedy, Crime, Drama",294145,1973-12-25,"George Roy Hill",,
125,tt10696896,2021-09-04,2021-09-04,,"Stillwater","Stillwater",https://www.imdb.com/title/tt10696896/,Movie,6.6,139,2021,"Crime, Drama, Mystery, Thriller",62417,2021-07-30,"Tom McCarthy",,
126,tt3272066,2021-09-16,2021-09-16,,"Reminiscence","Reminiscence",https://www.imdb.com/title/tt3272066/,Movie,5.9,116,2021,"Mystery, Romance, Sci-Fi, Thriller",69733,2021-08-20,"Lisa Joy",,
127,tt4244994,2021-10-24,2021-10-24,,"The Last Duel","The Last Duel",https://www.imdb.com/title/tt4244994/,Movie,7.3,152,2021,"Drama, History, Thriller",199413,2021-10-15,"Ridley Scott",,
128,tt1266020,2021-12-10,2021-12-10,,"Parks and Recreation","Parks and Recreation",https://www.imdb.com/title/tt1266020/,TV Series,8.6,22,2009,"Comedy",307464,2009-04-09,,,
129,tt0758745,2021-12-11,2021-12-11,,"Friday Night Lights","Friday Night Lights",https://www.imdb.com/title/tt0758745/,TV Series,8.7,45,2006,"Drama, Sport",77143,2006-10-03,,,
130,tt1307068,2021-12-26,2021-12-26,,"Seeking a Friend for the End of the World","Seeking a Friend for the End of the World",https://www.imdb.com/title/tt1307068/,Movie,6.7,101,2012,"Adventure, Comedy, Drama, Romance, Sci-Fi",122186,2012-06-22,"Lorene Scafaria",,
131,tt0365748,2021-12-26,2021-12-26,,"Shaun of the Dead","Shaun of the Dead",https://www.imdb.com/title/tt0365748/,Movie,7.8,99,2004,"Comedy, Horror",627126,2004-09-24,"Edgar Wright",,
132,tt1527186,2021-12-26,2021-12-26,,"Melancholia","Melancholia",https://www.imdb.com/title/tt1527186/,Movie,7.1,135,2011,"Drama, Sci-Fi",204652,2011-05-26,"Lars von Trier",,
133,tt3007512,2021-12-26,2021-12-26,,"The Water Diviner","The Water Diviner",https://www.imdb.com/title/tt3007512/,Movie,7.0,111,2014,"Drama, History, War",80036,2014-12-26,"Russell Crowe",,
134,tt2671706,2021-12-26,2021-12-26,,"Fences","Fences",https://www.imdb.com/title/tt2671706/,Movie,7.2,139,2016,"Drama",123220,2016-12-25,"Denzel Washington",,
135,tt1877830,2021-12-29,2021-12-29,,"The Batman","The Batman",https://www.imdb.com/title/tt1877830/,Movie,7.8,176,2022,"Action, Crime, Drama, Mystery, Thriller",895927,2022-03-04,"Matt Reeves",,
136,tt13207508,2022-01-02,2022-01-02,,"Swan Song","Swan Song",https://www.imdb.com/title/tt13207508/,Movie,6.8,116,2021,"Drama, Romance, Sci-Fi, Thriller",18984,2021-12-17,"Benjamin Cleary",,
137,tt10293406,2022-01-18,2022-01-18,,"The Power of the Dog","The Power of the Dog",https://www.imdb.com/title/tt10293406/,Movie,6.8,126,2021,"Drama, Western",202261,2021-12-01,"Jane Campion",,
138,tt10234724,2022-01-22,2022-01-22,,"Moon Knight","Moon Knight",https://www.imdb.com/title/tt10234724/,TV Mini Series,7.3,50,2022,"Action, Adventure, Fantasy",300022,2022-03-30,,,
139,tt4364194,2022-01-22,2022-01-22,,"The Peanut Butter Falcon","The Peanut Butter Falcon",https://www.imdb.com/title/tt4364194/,Movie,7.6,97,2019,"Adventure, Comedy, Drama",116473,2019-08-23,"Tyler Nilson, Michael Schwartz",,
140,tt1515091,2022-01-22,2022-01-22,,"Sherlock Holmes: A Game of Shadows","Sherlock Holmes: A Game of Shadows",https://www.imdb.com/title/tt1515091/,Movie,7.4,129,2011,"Action, Adventure, Mystery",496184,2011-12-16,"Guy Ritchie",,
141,tt0970179,2022-01-22,2022-01-22,,"Hugo","Hugo",https://www.imdb.com/title/tt0970179/,Movie,7.5,126,2011,"Adventure, Drama, Family, Fantasy, Mystery",345381,2011-11-23,"Martin Scorsese",,
142,tt3967856,2022-01-22,2022-01-22,,"Okja","Okja",https://www.imdb.com/title/tt3967856/,Movie,7.3,120,2017,"Action, Adventure, Drama, Sci-Fi",139334,2017-06-28,"Bong Joon Ho",,
143,tt1568911,2022-01-22,2022-01-22,,"War Horse","War Horse",https://www.imdb.com/title/tt1568911/,Movie,7.2,146,2011,"Adventure, Drama, War",170791,2011-12-25,"Steven Spielberg",,
144,tt0434409,2022-01-22,2022-01-22,,"V for Vendetta","V for Vendetta",https://www.imdb.com/title/tt0434409/,Movie,8.1,132,2005,"Action, Drama, Sci-Fi, Thriller",1227008,2006-03-17,"James McTeigue",,
145,tt0066921,2022-01-22,2022-01-22,,"A Clockwork Orange","A Clockwork Orange",https://www.imdb.com/title/tt0066921/,Movie,8.2,136,1971,"Crime, Sci-Fi",921194,1972-02-02,"Stanley Kubrick",,
146,tt1334260,2022-01-22,2022-01-22,,"Never Let Me Go","Never Let Me Go",https://www.imdb.com/title/tt1334260/,Movie,7.1,103,2010,"Drama, Romance",157976,2010-10-15,"Mark Romanek",,
147,tt0420223,2022-01-22,2022-01-22,,"Stranger Than Fiction","Stranger Than Fiction",https://www.imdb.com/title/tt0420223/,Movie,7.5,113,2006,"Comedy, Drama, Fantasy, Romance",242649,2006-11-10,"Marc Forster",,
148,tt0366627,2022-01-22,2022-01-22,,"The Jacket","The Jacket",https://www.imdb.com/title/tt0366627/,Movie,7.1,103,2005,"Drama, Fantasy, Mystery, Sci-Fi, Thriller",123018,2005-03-04,"John Maybury",,
149,tt0381061,2022-01-22,2022-01-22,,"Casino Royale","Casino Royale",https://www.imdb.com/title/tt0381061/,Movie,8.0,144,2006,"Action, Adventure, Thriller",726058,2006-11-17,"Martin Campbell",,
150,tt13521006,2022-01-23,2022-01-23,,"Beau Is Afraid","Beau Is Afraid",https://www.imdb.com/title/tt13521006/,Movie,6.6,179,2023,"Comedy, Drama",75132,2023-04-21,"Ari Aster",,
151,tt7475578,2022-01-23,2022-01-23,,"Munich: The Edge of War","Munich: The Edge of War",https://www.imdb.com/title/tt7475578/,Movie,6.8,130,2021,"Biography, Drama, History, Thriller",38342,2022-01-21,"Christian Schwochow",,
152,tt2267998,2022-01-23,2022-01-23,,"Gone Girl","Gone Girl",https://www.imdb.com/title/tt2267998/,Movie,8.1,149,2014,"Drama, Mystery, Thriller",1138955,2014-10-03,"David Fincher",,
153,tt0332452,2022-01-23,2022-01-23,,"Troy","Troy",https://www.imdb.com/title/tt0332452/,Movie,7.3,163,2004,"Action, Adventure, Drama",601637,2004-05-14,"Wolfgang Petersen",,
154,tt0450259,2022-01-23,2022-01-23,,"Blood Diamond","Blood Diamond",https://www.imdb.com/title/tt0450259/,Movie,8.0,143,2006,"Adventure, Drama, Thriller",614401,2006-12-08,"Edward Zwick",,
155,tt0187393,2022-01-23,2022-01-23,,"The Patriot","The Patriot",https://www.imdb.com/title/tt0187393/,Movie,7.2,165,2000,"Action, Drama, War",307179,2000-06-28,"Roland Emmerich",,
156,tt0325710,2022-01-23,2022-01-23,,"The Last Samurai","The Last Samurai",https://www.imdb.com/title/tt0325710/,Movie,7.8,154,2003,"Action, Drama",494512,2003-12-05,"Edward Zwick",,
157,tt0277434,2022-01-23,2022-01-23,,"We Were Soldiers","We Were Soldiers",https://www.imdb.com/title/tt0277434/,Movie,7.2,138,2002,"Action, Drama, History, War",157123,2002-03-01,"Randall Wallace",,
158,tt1855199,2022-01-23,2022-01-23,,"End of Watch","End of Watch",https://www.imdb.com/title/tt1855199/,Movie,7.6,109,2012,"Action, Crime, Drama, Thriller",285463,2012-09-21,"David Ayer",,
159,tt0246578,2022-01-23,2022-01-23,,"Donnie Darko","Donnie Darko",https://www.imdb.com/title/tt0246578/,Movie,8.0,113,2001,"Drama, Mystery, Sci-Fi, Thriller",893305,2001-01-19,"Richard Kelly",,
160,tt0215750,2022-01-23,2022-01-23,,"Enemy at the Gates","Enemy at the Gates",https://www.imdb.com/title/tt0215750/,Movie,7.5,131,2001,"Action, Drama, War",289069,2001-03-16,"Jean-Jacques Annaud",,
161,tt0206634,2022-01-23,2022-01-23,,"Children of Men","Children of Men",https://www.imdb.com/title/tt0206634/,Movie,7.9,109,2006,"Drama, Sci-Fi, Thriller",554918,2007-01-05,"Alfonso Cuarón",,
162,tt0289879,2022-01-23,2022-01-23,,"The Butterfly Effect","The Butterfly Effect",https://www.imdb.com/title/tt0289879/,Movie,7.6,113,2004,"Drama, Sci-Fi, Thriller",546358,2004-01-23,"Eric Bress, J. Mackye Gruber",,
163,tt0401792,2022-01-23,2022-01-23,,"Sin City","Sin City",https://www.imdb.com/title/tt0401792/,Movie,8.0,124,2005,"Crime, Thriller",813080,2005-04-01,"Frank Miller, Quentin Tarantino, Robert Rodriguez",,
164,tt0119116,2022-01-23,2022-01-23,,"The Fifth Element","The Fifth Element",https://www.imdb.com/title/tt0119116/,Movie,7.6,126,1997,"Action, Adventure, Sci-Fi",533415,1997-05-09,"Luc Besson",,
165,tt0116695,2022-01-23,2022-01-23,,"Jerry Maguire","Jerry Maguire",https://www.imdb.com/title/tt0116695/,Movie,7.3,139,1996,"Comedy, Drama, Romance, Sport",303184,1996-12-13,"Cameron Crowe",,
166,tt1798709,2022-01-23,2022-01-23,,"Her","Her",https://www.imdb.com/title/tt1798709/,Movie,8.0,126,2013,"Drama, Romance, Sci-Fi",711983,2014-01-10,"Spike Jonze",,
167,tt0338751,2022-01-23,2022-01-23,,"The Aviator","The Aviator",https://www.imdb.com/title/tt0338751/,Movie,7.5,170,2004,"Biography, Drama",399131,2004-12-25,"Martin Scorsese",,
168,tt4034228,2022-01-23,2022-01-23,,"Manchester by the Sea","Manchester by the Sea",https://www.imdb.com/title/tt4034228/,Movie,7.8,137,2016,"Drama",343353,2016-12-16,"Kenneth Lonergan",,
169,tt1037705,2022-01-23,2022-01-23,,"The Book of Eli","The Book of Eli",https://www.imdb.com/title/tt1037705/,Movie,6.8,118,2010,"Action, Adventure, Drama, Thriller",355149,2010-01-15,"Albert Hughes, Allen Hughes",,
170,tt5028002,2022-01-27,2022-01-27,,"StartUp","StartUp",https://www.imdb.com/title/tt5028002/,TV Series,7.8,44,2016,"Crime, Thriller",31057,2016-09-06,,,
171,tt0452623,2022-01-29,2022-01-29,,"Gone Baby Gone","Gone Baby Gone",https://www.imdb.com/title/tt0452623/,Movie,7.6,114,2007,"Crime, Drama, Mystery, Thriller",304596,2007-10-19,"Ben Affleck",,
172,tt0488120,2022-01-29,2022-01-29,,"Fracture","Fracture",https://www.imdb.com/title/tt0488120/,Movie,7.2,113,2007,"Crime, Drama, Thriller",230161,2007-04-20,"Gregory Hoblit",,
173,tt0790636,2022-01-29,2022-01-29,,"Dallas Buyers Club","Dallas Buyers Club",https://www.imdb.com/title/tt0790636/,Movie,7.9,117,2013,"Biography, Drama",539565,2013-11-22,"Jean-Marc Vallée",,
174,tt1403865,2022-01-29,2022-01-29,,"True Grit","True Grit",https://www.imdb.com/title/tt1403865/,Movie,7.6,110,2010,"Drama, Western",370240,2010-12-22,"Ethan Coen, Joel Coen",,
175,tt0167404,2022-01-29,2022-01-29,,"The Sixth Sense","The Sixth Sense",https://www.imdb.com/title/tt0167404/,Movie,8.2,107,1999,"Drama, Mystery, Thriller",1115332,1999-08-06,"M. Night Shyamalan",,
176,tt2404435,2022-01-29,2022-01-29,,"The Magnificent Seven","The Magnificent Seven",https://www.imdb.com/title/tt2404435/,Movie,6.9,132,2016,"Action, Adventure, Drama, Western",240453,2016-09-23,"Antoine Fuqua",,
177,tt0181689,2022-01-29,2022-01-29,,"Minority Report","Minority Report",https://www.imdb.com/title/tt0181689/,Movie,7.6,145,2002,"Action, Crime, Mystery, Sci-Fi, Thriller",609685,2002-06-21,"Steven Spielberg",,
178,tt0790724,2022-01-29,2022-01-29,,"Jack Reacher","Jack Reacher",https://www.imdb.com/title/tt0790724/,Movie,7.0,130,2012,"Action, Thriller",383611,2012-12-21,"Christopher McQuarrie",,
179,tt1057500,2022-01-29,2022-01-29,,"Invictus","Invictus",https://www.imdb.com/title/tt1057500/,Movie,7.3,134,2009,"Biography, Drama, History, Sport",172382,2009-12-11,"Clint Eastwood",,
180,tt0361862,2022-01-29,2022-01-29,,"The Machinist","The Machinist",https://www.imdb.com/title/tt0361862/,Movie,7.6,101,2004,"Drama, Thriller",434084,2004-12-03,"Brad Anderson",,
181,tt1670345,2022-01-29,2022-01-29,,"Now You See Me","Now You See Me",https://www.imdb.com/title/tt1670345/,Movie,7.2,115,2013,"Crime, Mystery, Thriller",749536,2013-05-31,"Louis Leterrier",,
182,tt0120591,2022-01-29,2022-01-29,,"Armageddon","Armageddon",https://www.imdb.com/title/tt0120591/,Movie,6.7,151,1998,"Action, Adventure, Sci-Fi, Thriller",470927,1998-07-01,"Michael Bay",,
183,tt0405422,2022-01-29,2022-01-29,,"The 40-Year-Old Virgin","The 40 Year Old Virgin",https://www.imdb.com/title/tt0405422/,Movie,7.1,116,2005,"Comedy, Romance",491368,2005-08-19,"Judd Apatow",,
184,tt0382625,2022-01-29,2022-01-29,,"The Da Vinci Code","The Da Vinci Code",https://www.imdb.com/title/tt0382625/,Movie,6.6,149,2006,"Mystery, Thriller",477376,2006-05-19,"Ron Howard",,
185,tt0258000,2022-01-29,2022-01-29,,"Panic Room","Panic Room",https://www.imdb.com/title/tt0258000/,Movie,6.8,112,2002,"Crime, Drama, Thriller",309993,2002-03-29,"David Fincher",,
186,tt0443543,2022-01-29,2022-01-29,,"The Illusionist","The Illusionist",https://www.imdb.com/title/tt0443543/,Movie,7.5,110,2006,"Drama, Fantasy, Mystery, Romance, Thriller",400024,2006-09-01,"Neil Burger",,
187,tt0119174,2022-01-29,2022-01-29,,"The Game","The Game",https://www.imdb.com/title/tt0119174/,Movie,7.7,129,1997,"Drama, Mystery, Thriller",459334,1997-09-12,"David Fincher",,
188,tt2582846,2022-01-29,2022-01-29,,"The Fault in Our Stars","The Fault in Our Stars",https://www.imdb.com/title/tt2582846/,Movie,7.6,126,2014,"Drama, Romance",418722,2014-06-06,"Josh Boone",,
189,tt0825232,2022-01-29,2022-01-29,,"The Bucket List","The Bucket List",https://www.imdb.com/title/tt0825232/,Movie,7.3,97,2007,"Adventure, Comedy, Drama",268008,2008-01-11,"Rob Reiner",,
190,tt1306980,2022-01-29,2022-01-29,,"50/50","50/50",https://www.imdb.com/title/tt1306980/,Movie,7.6,100,2011,"Comedy, Drama, Romance",349496,2011-09-30,"Jonathan Levine",,
191,tt3316960,2022-01-29,2022-01-29,,"Still Alice","Still Alice",https://www.imdb.com/title/tt3316960/,Movie,7.5,101,2014,"Drama",148599,2015-02-20,"Richard Glatzer, Wash Westmoreland",,
192,tt0110912,2022-01-29,2022-01-29,,"Pulp Fiction","Pulp Fiction",https://www.imdb.com/title/tt0110912/,Movie,8.8,154,1994,"Crime, Drama",2371386,1994-10-14,"Quentin Tarantino",,
193,tt8041270,2022-02-12,2022-02-12,,"Jurassic World: Dominion","Jurassic World: Dominion",https://www.imdb.com/title/tt8041270/,Movie,5.6,147,2022,"Action, Adventure, Sci-Fi, Thriller",236394,2022-06-10,"Colin Trevorrow",,
194,tt0814314,2022-02-12,2022-02-12,,"Seven Pounds","Seven Pounds",https://www.imdb.com/title/tt0814314/,Movie,7.6,123,2008,"Drama, Mystery, Thriller",322693,2008-12-19,"Gabriele Muccino",,
195,tt0431308,2022-02-12,2022-02-12,,"P.S. I Love You","P.S. I Love You",https://www.imdb.com/title/tt0431308/,Movie,7.0,126,2007,"Comedy, Drama, Romance",223360,2007-12-21,"Richard LaGravenese",,
196,tt0118799,2022-02-12,2022-02-12,,"Life Is Beautiful","La vita è bella",https://www.imdb.com/title/tt0118799/,Movie,8.6,116,1997,"Comedy, Drama, Romance, War",790674,1997-12-20,"Roberto Benigni",,
197,tt0878804,2022-02-20,2022-02-20,,"The Blind Side","The Blind Side",https://www.imdb.com/title/tt0878804/,Movie,7.6,129,2009,"Biography, Drama, Sport",379405,2009-11-20,"John Lee Hancock",,
198,tt0964517,2022-02-20,2022-02-20,,"The Fighter","The Fighter",https://www.imdb.com/title/tt0964517/,Movie,7.8,116,2010,"Action, Biography, Drama, Sport",402363,2010-12-17,"David O. Russell",,
199,tt0094291,2022-02-20,2022-02-20,,"Wall Street","Wall Street",https://www.imdb.com/title/tt0094291/,Movie,7.3,126,1987,"Crime, Drama",171787,1987-12-11,"Oliver Stone",,
200,tt7826376,2022-03-02,2022-03-02,,"Upload","Upload",https://www.imdb.com/title/tt7826376/,TV Series,7.8,30,2020,"Comedy, Mystery, Sci-Fi",87352,2020-05-01,,,
201,tt13873302,2022-03-02,2022-03-02,,"Against the Ice","Against the Ice",https://www.imdb.com/title/tt13873302/,Movie,6.5,102,2022,"Adventure, Drama, History",30525,2022-03-02,"Peter Flinth",,
202,tt0332280,2022-03-06,2022-03-06,,"The Notebook","The Notebook",https://www.imdb.com/title/tt0332280/,Movie,7.8,123,2004,"Drama, Romance",667624,2004-06-25,"Nick Cassavetes",,
203,tt0368447,2022-04-27,2022-04-27,,"The Village","The Village",https://www.imdb.com/title/tt0368447/,Movie,6.6,108,2004,"Drama, Mystery, Thriller",291711,2004-07-30,"M. Night Shyamalan",,
204,tt14439896,2022-05-21,2022-05-21,,"Father Stu","Father Stu",https://www.imdb.com/title/tt14439896/,Movie,6.5,124,2022,"Biography, Drama",34852,2022-04-15,"Rosalind Ross",,
205,tt3032476,2022-06-04,2022-06-04,,"Better Call Saul","Better Call Saul",https://www.imdb.com/title/tt3032476/,TV Series,9.0,45,2015,"Crime, Drama",765111,2015-02-08,,,
206,tt11976532,2022-06-28,2022-06-28,,"Vengeance","Vengeance",https://www.imdb.com/title/tt11976532/,Movie,6.8,107,2022,"Comedy, Music, Mystery, Thriller",40786,2022-07-29,"B.J. Novak",,
207,tt14309446,2022-06-28,2022-06-28,,"Me Time","Me Time",https://www.imdb.com/title/tt14309446/,Movie,5.1,101,2022,"Comedy",44043,2022-08-26,"John Hamburg",,
208,tt9253284,2022-08-04,2022-08-04,,"Andor","Andor",https://www.imdb.com/title/tt9253284/,TV Series,8.6,60,2022,"Action, Adventure, Fantasy, Sci-Fi, Thriller",250480,2022-09-21,,,
209,tt13314558,2022-08-14,2022-08-14,,"Day Shift","Day Shift",https://www.imdb.com/title/tt13314558/,Movie,6.1,113,2022,"Action, Comedy, Fantasy, Horror, Thriller",96835,2022-08-12,"J.J. Perry",,
210,tt4614584,2022-08-20,2022-08-20,,"Purple Hearts","Purple Hearts",https://www.imdb.com/title/tt4614584/,Movie,6.7,122,2022,"Drama, Music, Romance",67081,2022-07-29,"Elizabeth Allen Rosenbaum",,
211,tt8772296,2022-09-14,2022-09-14,,"Euphoria","Euphoria",https://www.imdb.com/title/tt8772296/,TV Series,8.2,60,2019,"Drama",279795,2019-06-16,,,
212,tt5315210,2022-09-20,2022-09-20,,"Lou","Lou",https://www.imdb.com/title/tt5315210/,Movie,6.1,107,2022,"Action, Adventure, Crime, Drama, Mystery, Thriller",37113,2022-09-23,"Anna Foerster",,
213,tt13207736,2022-09-20,2022-09-20,,"Monster","Monster",https://www.imdb.com/title/tt13207736/,TV Series,7.8,60,2022,"Biography, Crime, Drama, Thriller",196511,2022-09-21,,,
214,tt3704428,2022-09-22,2022-09-22,,"Elvis","Elvis",https://www.imdb.com/title/tt3704428/,Movie,7.3,159,2022,"Biography, Drama, Music",254212,2022-06-24,"Baz Luhrmann",,
215,tt11743610,2022-09-22,2022-09-22,,"The Terminal List","The Terminal List",https://www.imdb.com/title/tt11743610/,TV Series,7.9,60,2022,"Action, Drama, Thriller",120894,2022-07-01,,,
216,tt10166622,2022-10-02,2022-10-02,,"The Dropout","The Dropout",https://www.imdb.com/title/tt10166622/,TV Mini Series,7.5,50,2022,"Biography, Drama",40910,2022-03-03,,,
217,tt11127680,2022-10-02,2022-10-02,,"Boiling Point","Boiling Point",https://www.imdb.com/title/tt11127680/,Movie,7.5,92,2021,"Drama, Thriller",52473,2022-01-07,"Philip Barantini",,
218,tt6718170,2022-10-14,2022-10-14,,"The Super Mario Bros. Movie","The Super Mario Bros. Movie",https://www.imdb.com/title/tt6718170/,Movie,7.0,92,2023,"Animation, Adventure, Comedy, Family, Fantasy",276510,2023-04-05,"Aaron Horvath, Michael Jelenic, Pierre Leduc, Fabien Polack",,
219,tt0185906,2022-10-14,2022-10-14,,"Band of Brothers","Band of Brothers",https://www.imdb.com/title/tt0185906/,TV Mini Series,9.4,60,2001,"Action, Drama, History, War",573232,2001-09-09,,,
220,tt0429087,2022-10-28,2022-10-28,,"Shantaram","Shantaram",https://www.imdb.com/title/tt0429087/,TV Series,7.4,52,2022,"Action, Adventure, Crime, Drama, Thriller",17195,2022-10-14,,,
221,tt11252254,2022-11-05,2022-11-05,,"From Scratch","From Scratch",https://www.imdb.com/title/tt11252254/,TV Mini Series,7.9,53,2022,"Drama, Romance",19195,2022-10-21,,,
222,tt11813216,2022-11-05,2022-11-05,,"The Banshees of Inisherin","The Banshees of Inisherin",https://www.imdb.com/title/tt11813216/,Movie,7.7,114,2022,"Comedy, Drama",285401,2022-11-04,"Martin McDonagh",,
223,tt5742374,2022-11-05,2022-11-05,,"You Were Never Really Here","You Were Never Really Here",https://www.imdb.com/title/tt5742374/,Movie,6.7,89,2017,"Crime, Drama, Thriller",133150,2018-04-06,"Lynne Ramsay",,
224,tt10731256,2022-11-06,2022-11-06,,"Don't Worry Darling","Don't Worry Darling",https://www.imdb.com/title/tt10731256/,Movie,6.3,123,2022,"Drama, Mystery, Thriller",170235,2022-09-23,"Olivia Wilde",,
225,tt10192406,2022-11-13,2022-11-13,,"Causeway","Causeway",https://www.imdb.com/title/tt10192406/,Movie,6.6,94,2022,"Drama",25808,2022-11-04,"Lila Neugebauer",,
226,tt0289765,2022-11-13,2022-11-13,,"Red Dragon","Red Dragon",https://www.imdb.com/title/tt0289765/,Movie,7.2,124,2002,"Crime, Drama, Thriller",306115,2002-10-04,"Brett Ratner",,
227,tt0117665,2022-11-13,2022-11-13,,"Sleepers","Sleepers",https://www.imdb.com/title/tt0117665/,Movie,7.5,147,1996,"Crime, Drama, Thriller",247677,1996-10-18,"Barry Levinson",,
228,tt13833688,2022-11-27,2022-11-27,,"The Whale","The Whale",https://www.imdb.com/title/tt13833688/,Movie,7.6,117,2022,"Drama",253443,2022-12-21,"Darren Aronofsky",,
229,tt1462764,2022-12-04,2022-12-04,,"Indiana Jones and the Dial of Destiny","Indiana Jones and the Dial of Destiny",https://www.imdb.com/title/tt1462764/,Movie,6.5,154,2023,"Action, Adventure, Sci-Fi",225037,2023-06-30,"James Mangold",,
230,tt6791350,2022-12-04,2022-12-04,,"Guardians of the Galaxy Vol. 3","Guardians of the Galaxy Vol. 3",https://www.imdb.com/title/tt6791350/,Movie,7.9,150,2023,"Action, Adventure, Comedy, Sci-Fi",447606,2023-05-05,"James Gunn",,
231,tt1488589,2022-12-11,2022-12-11,,"Guillermo del Toro's Pinocchio","Guillermo del Toro's Pinocchio",https://www.imdb.com/title/tt1488589/,Movie,7.6,117,2022,"Animation, Adventure, Drama, Family, Fantasy, Musical",122973,2022-12-09,"Guillermo del Toro, Mark Gustafson",,
232,tt8745676,2022-12-11,2022-12-11,,"The Swimmers","The Swimmers",https://www.imdb.com/title/tt8745676/,Movie,7.4,134,2022,"Biography, Drama, Sport",39363,2022-11-23,"Sally El Hosaini",,
233,tt7693316,2022-12-11,2022-12-11,,"Devotion","Devotion",https://www.imdb.com/title/tt7693316/,Movie,6.6,139,2022,"Action, Biography, Drama, War",31295,2022-11-23,"J.D. Dillard",,
234,tt11198810,2022-12-11,2022-12-11,,"She Said","She Said",https://www.imdb.com/title/tt11198810/,Movie,7.3,129,2022,"Crime, Drama, History",48136,2022-11-18,"Maria Schrader",,
235,tt4960748,2022-12-11,2022-12-11,,"Till","Till",https://www.imdb.com/title/tt4960748/,Movie,7.2,130,2022,"Biography, Crime, Drama, History",17222,2022-10-28,"Chinonye Chukwu",,
236,tt21819228,2022-12-11,2022-12-11,,"Stutz","Stutz",https://www.imdb.com/title/tt21819228/,Movie,7.7,96,2022,"Documentary",18811,2022-11-14,"Jonah Hill",,
237,tt15574312,2022-12-11,2022-12-11,,"The Patient","The Patient",https://www.imdb.com/title/tt15574312/,TV Mini Series,7.0,30,2022,"Drama, Mystery, Thriller",34978,2022-08-30,,,
238,tt9113406,2022-12-30,2022-12-30,,"Wu-Tang: An American Saga","Wu-Tang: An American Saga",https://www.imdb.com/title/tt9113406/,TV Series,8.2,60,2019,"Biography, Drama, Music",12794,2019-09-04,,,
239,tt11041332,2023-03-11,2023-03-11,,"Yellowjackets","Yellowjackets",https://www.imdb.com/title/tt11041332/,TV Series,7.7,60,2021,"Drama, Mystery, Thriller",110233,2021-11-14,,,
240,tt5348176,2023-03-11,2023-03-11,,"Barry","Barry",https://www.imdb.com/title/tt5348176/,TV Series,8.3,30,2018,"Action, Comedy, Crime, Drama",136493,2018-03-25,,,
241,tt16419074,2023-03-11,2023-03-11,,"Air","Air",https://www.imdb.com/title/tt16419074/,Movie,7.4,111,2023,"Drama, Sport",187841,2023-04-05,"Ben Affleck",,
242,tt5090568,2023-03-11,2023-03-11,,"Transformers: Rise of the Beasts","Transformers: Rise of the Beasts",https://www.imdb.com/title/tt5090568/,Movie,6.0,127,2023,"Action, Adventure, Sci-Fi",126520,2023-06-09,"Steven Caple Jr.",,
243,tt15767808,2023-04-23,2023-04-23,,"The Last Kingdom: Seven Kings Must Die","Seven Kings Must Die",https://www.imdb.com/title/tt15767808/,Movie,6.9,117,2023,"Action, Drama, History",41560,2023-04-14,"Edward Bazalgette",,
244,tt1817273,2023-05-07,2023-05-07,,"The Place Beyond the Pines","The Place Beyond the Pines",https://www.imdb.com/title/tt1817273/,Movie,7.3,140,2012,"Crime, Drama, Thriller",303503,2013-04-19,"Derek Cianfrance",,
245,tt14403178,2023-05-14,2023-05-14,,"Beef","Beef",https://www.imdb.com/title/tt14403178/,TV Series,8.0,30,2023,"Comedy, Drama",155490,2023-04-06,,,
246,tt8080204,2023-05-14,2023-05-14,,"Hypnotic","Hypnotic",https://www.imdb.com/title/tt8080204/,Movie,5.5,93,2023,"Action, Drama, Mystery, Sci-Fi, Thriller",44210,2023-05-12,"Robert Rodriguez",,
247,tt1234548,2023-05-14,2023-05-14,,"The Men Who Stare at Goats","The Men Who Stare at Goats",https://www.imdb.com/title/tt1234548/,Movie,6.2,94,2009,"Comedy, War",140619,2009-11-06,"Grant Heslov",,
248,tt4495098,2023-07-23,2023-07-23,,"Gran Turismo","Gran Turismo",https://www.imdb.com/title/tt4495098/,Movie,7.1,134,2023,"Action, Adventure, Drama, Sport",128342,2023-08-25,"Neill Blomkamp",,
249,tt5761544,2023-07-23,2023-07-23,,"Kandahar","Kandahar",https://www.imdb.com/title/tt5761544/,Movie,6.1,119,2023,"Action, Drama, Thriller",44560,2023-05-26,"Ric Roman Waugh",,
250,tt0460791,2023-08-06,2023-08-06,,"The Fall","The Fall",https://www.imdb.com/title/tt0460791/,Movie,7.8,117,2006,"Adventure, Drama, Fantasy",125014,2008-05-30,"Tarsem Singh",,
251,tt0118929,2023-08-06,2023-08-06,,"Dark City","Dark City",https://www.imdb.com/title/tt0118929/,Movie,7.6,100,1998,"Fantasy, Mystery, Sci-Fi, Thriller",222243,1998-02-27,"Alex Proyas",,
252,tt0128445,2023-08-06,2023-08-06,,"Rushmore","Rushmore",https://www.imdb.com/title/tt0128445/,Movie,7.6,93,1998,"Comedy, Drama, Romance",205501,1999-02-19,"Wes Anderson",,
253,tt4686844,2023-08-06,2023-08-06,,"The Death of Stalin","The Death of Stalin",https://www.imdb.com/title/tt4686844/,Movie,7.3,107,2017,"Comedy, Drama, History",122841,2018-03-09,"Armando Iannucci",,
254,tt0903657,2023-08-06,2023-08-06,,"Love & Mercy","Love & Mercy",https://www.imdb.com/title/tt0903657/,Movie,7.4,121,2014,"Biography, Drama, Music",44888,2015-06-19,"Bill Pohlad",,
255,tt0861739,2023-09-17,2023-09-17,,"Elite Squad","Tropa de Elite",https://www.imdb.com/title/tt0861739/,Movie,8.0,115,2007,"Action, Crime, Drama, Thriller",116362,2007-10-12,"José Padilha",,
256,tt3072482,2023-10-28,2023-10-28,,"Hardcore Henry","Hardcore Henry",https://www.imdb.com/title/tt3072482/,Movie,6.7,96,2015,"Action, Adventure, Sci-Fi, Thriller",106944,2016-04-08,"Ilya Naishuller",,
257,tt13238346,2023-12-27,2023-12-27,,"Past Lives","Past Lives",https://www.imdb.com/title/tt13238346/,Movie,7.8,105,2023,"Drama, Romance",161136,2023-06-23,"Celine Song",,
258,tt2906216,2023-12-27,2023-12-27,,"Dungeons & Dragons: Honor Among Thieves","Dungeons & Dragons: Honor Among Thieves",https://www.imdb.com/title/tt2906216/,Movie,7.2,134,2023,"Action, Adventure, Comedy, Fantasy",265976,2023-03-31,"John Francis Daley, Jonathan Goldstein",,
259,tt10366206,2023-12-27,2023-12-27,,"John Wick: Chapter 4","John Wick: Chapter 4",https://www.imdb.com/title/tt10366206/,Movie,7.6,169,2023,"Action, Crime, Thriller",394027,2023-03-24,"Chad Stahelski",,
260,tt2911666,2023-12-27,2023-12-27,,"John Wick","John Wick",https://www.imdb.com/title/tt2911666/,Movie,7.5,101,2014,"Action, Crime, Thriller",801233,2014-10-24,"Chad Stahelski",,
261,tt6571548,2024-01-05,2024-01-05,,"The White Tiger","The White Tiger",https://www.imdb.com/title/tt6571548/,Movie,7.1,125,2021,"Crime, Drama",68263,2021-01-22,"Ramin Bahrani",,
262,tt4565380,2024-01-05,2024-01-05,,"Fauda","Fauda",https://www.imdb.com/title/tt4565380/,TV Series,8.3,60,2015,"Action, Crime, Drama, Thriller",41495,2015-02-15,,,
263,tt20561198,2024-01-13,2024-01-13,,"The Promised Land","Bastarden",https://www.imdb.com/title/tt20561198/,Movie,7.7,127,2023,"Action, Biography, Drama, History",36288,2023-10-05,"Nikolaj Arcel",,
264,tt2872518,2024-01-21,2024-01-21,,"The Shack","The Shack",https://www.imdb.com/title/tt2872518/,Movie,6.3,132,2017,"Drama, Fantasy",41733,2017-03-03,"Stuart Hazeldine",,
265,tt23561236,2024-01-23,2024-01-23,,"American Fiction","American Fiction",https://www.imdb.com/title/tt23561236/,Movie,7.5,117,2023,"Comedy, Drama",113702,2023-12-22,"Cord Jefferson",,
266,tt0374463,2024-01-27,2024-01-27,,"The Pacific","The Pacific",https://www.imdb.com/title/tt0374463/,TV Mini Series,8.3,60,2010,"Action, Adventure, Drama, History, War",140465,2010-03-14,,,
267,tt2788316,2024-01-27,2024-01-27,,"Shōgun","Shogun",https://www.imdb.com/title/tt2788316/,TV Series,8.6,60,2024,"Action, Adventure, Drama, History, War",228988,2024-02-27,,,
268,tt0780536,2024-02-13,2024-02-13,,"In Bruges","In Bruges",https://www.imdb.com/title/tt0780536/,Movie,7.9,107,2008,"Comedy, Crime, Drama, Thriller",484323,2008-02-29,"Martin McDonagh",,
269,tt3721954,2024-03-09,2024-03-09,,"Maudie","Maudie",https://www.imdb.com/title/tt3721954/,Movie,7.6,115,2016,"Biography, Drama, Romance",24820,2017-08-04,"Aisling Walsh",,
270,tt14454876,2024-03-18,2024-03-18,,"Golda","Golda",https://www.imdb.com/title/tt14454876/,Movie,6.0,100,2023,"Biography, Drama, History, War",14622,2023-08-25,"Guy Nattiv",,
271,tt13016388,2024-03-27,2024-03-27,,"3 Body Problem","3 Body Problem",https://www.imdb.com/title/tt13016388/,TV Series,7.5,60,2024,"Adventure, Drama, Fantasy, Mystery, Sci-Fi",170925,2024-03-21,,,
272,tt14351082,2024-05-11,2024-05-11,,"Cabrini","Cabrini",https://www.imdb.com/title/tt14351082/,Movie,7.3,142,2024,"Biography, Drama",9405,2024-03-08,"Alejandro Monteverde",,
273,tt32311359,2024-05-12,2024-05-12,,"IMDb Interviews: Kingdom of the Planet of the Apes","IMDb on the Scene - Interviews: Kingdom of the Planet of the Apes",https://www.imdb.com/title/tt32311359/,TV Episode,7.7,,2024,"Talk-Show",19,2024-05-10,,,
274,tt0116209,2024-05-18,2024-05-18,,"The English Patient","The English Patient",https://www.imdb.com/title/tt0116209/,Movie,7.4,162,1996,"Drama, Romance, War",210494,1996-12-06,"Anthony Minghella",,
275,tt14513804,2024-07-13,2024-07-13,,"Captain America: Brave New World","Captain America: Brave New World",https://www.imdb.com/title/tt14513804/,Movie,5.6,118,2025,"Action, Adventure, Sci-Fi",165253,2025-02-14,"Julius Onah",,
276,tt9218128,2024-07-21,2024-07-21,,"Gladiator II","Gladiator II",https://www.imdb.com/title/tt9218128/,Movie,6.5,148,2024,"Action, Adventure, Drama",274130,2024-11-22,"Ridley Scott",,
277,tt1896747,2024-07-21,2024-07-21,,"Fly Me to the Moon","Fly Me to the Moon",https://www.imdb.com/title/tt1896747/,Movie,6.6,132,2024,"Comedy, Romance",54380,2024-07-12,"Greg Berlanti",,
278,tt7510222,2024-07-21,2024-07-21,,"Despicable Me 4","Despicable Me 4",https://www.imdb.com/title/tt7510222/,Movie,6.2,94,2024,"Animation, Adventure, Comedy, Crime, Family, Sci-Fi",71879,2024-07-03,"Chris Renaud, Patrick Delage",,
279,tt6208148,2024-08-11,2024-08-11,,"Snow White","Snow White",https://www.imdb.com/title/tt6208148/,Movie,2.1,109,2025,"Adventure, Family, Fantasy, Musical, Romance",388951,2025-03-21,"Marc Webb",,
280,tt4062536,2024-08-25,2024-08-25,,"Green Room","Green Room",https://www.imdb.com/title/tt4062536/,Movie,7.0,95,2015,"Crime, Horror, Music, Thriller",149910,2016-05-13,"Jeremy Saulnier",,
281,tt1379182,2024-08-25,2024-08-25,,"Dogtooth","Kynodontas",https://www.imdb.com/title/tt1379182/,Movie,7.1,97,2009,"Drama, Thriller",119102,2009-11-11,"Yorgos Lanthimos",,
282,tt5918982,2024-09-08,2024-09-08,,"Possessor","Possessor",https://www.imdb.com/title/tt5918982/,Movie,6.5,103,2020,"Horror, Mystery, Sci-Fi, Thriller",51793,2020-10-02,"Brandon Cronenberg",,
283,tt0209958,2024-09-10,2024-09-10,,"The Cell","The Cell",https://www.imdb.com/title/tt0209958/,Movie,6.4,107,2000,"Crime, Horror, Sci-Fi, Thriller",114162,2000-08-18,"Tarsem Singh",,
284,tt16366836,2024-09-12,2024-09-12,,"Venom: The Last Dance","Venom: The Last Dance",https://www.imdb.com/title/tt16366836/,Movie,6.0,110,2024,"Action, Adventure, Sci-Fi, Thriller",141070,2024-10-25,"Kelly Marcel",,
285,tt0168629,2024-09-12,2024-09-12,,"Dancer in the Dark","Dancer in the Dark",https://www.imdb.com/title/tt0168629/,Movie,7.9,135,2000,"Crime, Drama, Musical",121911,2000-10-06,"Lars von Trier",,
286,tt0073195,2024-09-13,2024-09-13,,"Jaws","Jaws",https://www.imdb.com/title/tt0073195/,Movie,8.1,124,1975,"Adventure, Horror, Thriller",717199,1975-06-20,"Steven Spielberg",,
287,tt3799694,2024-09-13,2024-09-13,,"The Nice Guys","The Nice Guys",https://www.imdb.com/title/tt3799694/,Movie,7.4,116,2016,"Action, Comedy, Crime, Mystery, Thriller",401764,2016-05-20,"Shane Black",,
288,tt1259528,2024-09-14,2024-09-14,,"Den of Thieves","Den of Thieves",https://www.imdb.com/title/tt1259528/,Movie,7.0,140,2018,"Action, Crime, Drama, Thriller",148522,2018-01-19,"Christian Gudegast",,
289,tt0090605,2024-09-15,2024-09-15,,"Aliens","Aliens",https://www.imdb.com/title/tt0090605/,Movie,8.4,137,1986,"Action, Adventure, Horror, Sci-Fi, Thriller",821095,1986-07-18,"James Cameron",,
290,tt0103064,2024-09-15,2024-09-15,,"Terminator 2: Judgment Day","Terminator 2: Judgment Day",https://www.imdb.com/title/tt0103064/,Movie,8.6,137,1991,"Action, Adventure, Sci-Fi",1251898,1991-07-03,"James Cameron",,
291,tt0151804,2024-09-15,2024-09-15,,"Office Space","Office Space",https://www.imdb.com/title/tt0151804/,Movie,7.6,89,1999,"Comedy",302757,1999-02-19,"Mike Judge",,
292,tt0118715,2024-09-15,2024-09-15,,"The Big Lebowski","The Big Lebowski",https://www.imdb.com/title/tt0118715/,Movie,8.1,117,1998,"Comedy, Crime",900700,1998-03-06,"Joel Coen, Ethan Coen",,
293,tt0083658,2024-09-15,2024-09-15,,"Blade Runner","Blade Runner",https://www.imdb.com/title/tt0083658/,Movie,8.1,117,1982,"Action, Drama, Sci-Fi, Thriller",864720,1982-06-25,"Ridley Scott",,
294,tt1856101,2024-09-15,2024-09-15,,"Blade Runner 2049","Blade Runner 2049",https://www.imdb.com/title/tt1856101/,Movie,8.0,164,2017,"Action, Drama, Mystery, Sci-Fi, Thriller",728476,2017-10-06,"Denis Villeneuve",7,2022-01-22
295,tt0088763,2024-09-15,2024-09-15,,"Back to the Future","Back to the Future",https://www.imdb.com/title/tt0088763/,Movie,8.5,116,1985,"Adventure, Comedy, Sci-Fi",1403571,1985-07-03,"Robert Zemeckis",,
296,tt7798634,2024-09-17,2024-09-17,,"Ready or Not","Ready or Not",https://www.imdb.com/title/tt7798634/,Movie,6.8,95,2019,"Action, Comedy, Horror, Mystery, Thriller",223035,2019-08-21,"Matt Bettinelli-Olpin, Tyler Gillett",,
297,tt6857112,2024-09-17,2024-09-17,,"Us","Us",https://www.imdb.com/title/tt6857112/,Movie,6.8,116,2019,"Horror, Mystery, Thriller",378030,2019-03-22,"Jordan Peele",,
298,tt13403046,2024-09-17,2024-09-17,,"Fresh","Fresh",https://www.imdb.com/title/tt13403046/,Movie,6.7,114,2022,"Comedy, Horror, Romance, Thriller",88483,2022-03-04,"Mimi Cave",,
299,tt2980592,2024-09-17,2024-09-17,,"The Guest","The Guest",https://www.imdb.com/title/tt2980592/,Movie,6.7,100,2014,"Action, Mystery, Thriller",112455,2014-09-05,"Adam Wingard",,
300,tt11564570,2024-09-17,2024-09-17,,"Glass Onion","Glass Onion",https://www.imdb.com/title/tt11564570/,Movie,7.1,139,2022,"Comedy, Crime, Drama, Mystery, Thriller",486673,2022-12-23,"Rian Johnson",,
301,tt0114369,2024-09-18,2024-09-18,,"Se7en","Se7en",https://www.imdb.com/title/tt0114369/,Movie,8.6,127,1995,"Crime, Drama, Mystery, Thriller",1952417,1995-09-22,"David Fincher",,
302,tt10919420,2024-09-21,2024-09-21,,"Squid Game","Ojing-eo geim",https://www.imdb.com/title/tt10919420/,TV Series,8.0,60,2021,"Action, Crime, Drama, Mystery, Thriller",719371,2021-09-17,,,
303,tt7366338,2024-09-22,2024-09-22,,"Chernobyl","Chernobyl",https://www.imdb.com/title/tt7366338/,TV Mini Series,9.3,60,2019,"Drama, History, Thriller",977172,2019-05-06,,,
304,tt12888462,2024-09-22,2024-09-22,,"My Octopus Teacher","My Octopus Teacher",https://www.imdb.com/title/tt12888462/,Movie,8.1,85,2020,"Documentary, Drama",69037,2020-09-07,"Pippa Ehrlich, James Reed",,
305,tt0770802,2024-09-22,2024-09-22,,"Samsara","Samsara",https://www.imdb.com/title/tt0770802/,Movie,8.4,102,2011,"Documentary, Music",39389,2012-08-23,"Ron Fricke",,
306,tt22408160,2024-09-22,2024-09-22,,"Kinds of Kindness","Kinds of Kindness",https://www.imdb.com/title/tt22408160/,Movie,6.5,164,2024,"Comedy, Drama, Horror",64182,2024-07-05,"Yorgos Lanthimos",,
307,tt7084386,2024-09-22,2024-09-22,,"Blue Miracle","Blue Miracle",https://www.imdb.com/title/tt7084386/,Movie,6.6,95,2021,"Adventure, Biography, Drama, Family",8532,2021-05-27,"Julio Quintana",,
308,tt2494362,2024-09-22,2024-09-22,,"Bone Tomahawk","Bone Tomahawk",https://www.imdb.com/title/tt2494362/,Movie,7.1,132,2015,"Drama, Horror, Western",134824,2016-02-19,"S. Craig Zahler",,
309,tt0381849,2024-09-22,2024-09-22,,"3:10 to Yuma","3:10 to Yuma",https://www.imdb.com/title/tt0381849/,Movie,7.6,122,2007,"Action, Crime, Drama, Western",346070,2007-09-07,"James Mangold",,
310,tt26448526,2024-09-22,2024-09-22,,"Brilliant Minds","Brilliant Minds",https://www.imdb.com/title/tt26448526/,TV Series,7.1,,2024,"Drama",4807,2024-09-23,,,
311,tt14688458,2024-09-23,2024-09-23,,"Silo","Silo",https://www.imdb.com/title/tt14688458/,TV Series,8.1,49,2023,"Drama, Mystery, Sci-Fi",195905,2023-05-05,,,
312,tt4158110,2024-09-23,2024-09-23,,"Mr. Robot","Mr. Robot",https://www.imdb.com/title/tt4158110/,TV Series,8.5,45,2015,"Crime, Drama, Thriller",452113,2015-06-24,,,
313,tt9243804,2024-09-25,2024-09-25,,"The Green Knight","The Green Knight",https://www.imdb.com/title/tt9243804/,Movie,6.6,130,2021,"Adventure, Drama, Fantasy",127845,2021-07-30,"David Lowery",,
314,tt0114746,2024-09-25,2024-09-25,,"12 Monkeys","Twelve Monkeys",https://www.imdb.com/title/tt0114746/,Movie,8.0,129,1995,"Mystery, Sci-Fi, Thriller",669737,1996-01-05,"Terry Gilliam",,
315,tt4643084,2024-09-25,2024-09-25,,"Counterpart","Counterpart",https://www.imdb.com/title/tt4643084/,TV Series,8.0,60,2017,"Drama, Sci-Fi, Thriller",33532,2017-12-10,,,
316,tt11301886,2024-09-26,2024-09-26,,"Rebel Ridge","Rebel Ridge",https://www.imdb.com/title/tt11301886/,Movie,6.8,131,2024,"Action, Crime, Drama, Thriller",96449,2024-09-06,"Jeremy Saulnier",,
317,tt5875444,2024-09-28,2024-09-28,,"Slow Horses","Slow Horses",https://www.imdb.com/title/tt5875444/,TV Series,8.3,50,2022,"Drama, Thriller",122899,2022-04-01,,,
318,tt19231492,2024-09-30,2024-09-30,,"Dark Matter","Dark Matter",https://www.imdb.com/title/tt19231492/,TV Series,7.6,,2024,"Drama, Sci-Fi, Thriller",68355,2024-05-08,,,
319,tt0414993,2024-09-30,2024-09-30,,"The Fountain","The Fountain",https://www.imdb.com/title/tt0414993/,Movie,7.1,97,2006,"Drama, Mystery, Romance, Sci-Fi",255230,2006-11-22,"Darren Aronofsky",,
320,tt0286486,2024-10-01,2024-10-01,,"The Shield","The Shield",https://www.imdb.com/title/tt0286486/,TV Series,8.7,45,2002,"Crime, Drama, Thriller",94683,2002-03-12,,,
321,tt2359024,2024-10-01,2024-10-01,,"Blue Ruin","Blue Ruin",https://www.imdb.com/title/tt2359024/,Movie,7.1,90,2013,"Crime, Drama, Thriller",84623,2014-07-09,"Jeremy Saulnier",,
322,tt1458175,2024-10-01,2024-10-01,,"The Next Three Days","The Next Three Days",https://www.imdb.com/title/tt1458175/,Movie,7.3,133,2010,"Action, Crime, Drama, Romance, Thriller",213033,2010-11-19,"Paul Haggis",,
323,tt6218358,2024-10-01,2024-10-01,,"Calibre","Calibre",https://www.imdb.com/title/tt6218358/,Movie,6.8,101,2018,"Drama, Thriller",36750,2018-06-29,"Matt Palmer",,
324,tt11315808,2024-10-05,2024-10-05,,"Joker: Folie à Deux","Joker: Folie à Deux",https://www.imdb.com/title/tt11315808/,Movie,5.2,138,2024,"Drama, Musical, Thriller",172084,2024-10-04,"Todd Phillips",,
325,tt30057084,2024-10-05,2024-10-05,,"Babygirl","Babygirl",https://www.imdb.com/title/tt30057084/,Movie,5.8,114,2024,"Drama, Romance, Thriller",71726,2024-12-25,"Halina Reijn",,
326,tt5071412,2024-10-05,2024-10-05,,"Ozark","Ozark",https://www.imdb.com/title/tt5071412/,TV Series,8.4,60,2017,"Crime, Drama, Thriller",377959,2017-07-21,,,
327,tt16418808,2024-10-05,2024-10-05,,"Sugar","Sugar",https://www.imdb.com/title/tt16418808/,TV Series,7.4,,2024,"Crime, Drama, Mystery, Thriller",40900,2024-04-05,,,
328,tt9214772,2024-10-05,2024-10-05,,"Monkey Man","Monkey Man",https://www.imdb.com/title/tt9214772/,Movie,6.8,121,2024,"Action, Crime, Thriller",96168,2024-04-05,"Dev Patel",,
329,tt5290382,2024-10-06,2024-10-06,,"Mindhunter","Mindhunter",https://www.imdb.com/title/tt5290382/,TV Series,8.6,60,2017,"Crime, Drama, Mystery, Thriller",378952,2017-10-13,,,
330,tt2194499,2024-10-08,2024-10-08,,"About Time","About Time",https://www.imdb.com/title/tt2194499/,Movie,7.8,123,2013,"Comedy, Drama, Fantasy, Romance, Sci-Fi",420324,2013-11-08,"Richard Curtis",7,2024-10-08
331,tt0181875,2024-10-08,2024-10-08,,"Almost Famous","Almost Famous",https://www.imdb.com/title/tt0181875/,Movie,7.9,122,2000,"Adventure, Comedy, Drama, Music",308691,2000-09-22,"Cameron Crowe",,
332,tt26933824,2024-10-10,2024-10-10,,"Nobody Wants This","Nobody Wants This",https://www.imdb.com/title/tt26933824/,TV Series,7.8,30,2024,"Comedy, Drama, Romance",65194,2024-09-26,,,
333,tt6333060,2024-10-11,2024-10-11,,"Icarus","Icarus",https://www.imdb.com/title/tt6333060/,Movie,7.9,120,2017,"Documentary, Sport",57170,2017-08-04,"Bryan Fogel",,
334,tt0478304,2024-10-12,2024-10-12,,"The Tree of Life","The Tree of Life",https://www.imdb.com/title/tt0478304/,Movie,6.8,139,2011,"Drama, Fantasy",190086,2011-05-17,"Terrence Malick",,
335,tt9873892,2024-10-18,2024-10-18,,"They Cloned Tyrone","They Cloned Tyrone",https://www.imdb.com/title/tt9873892/,Movie,6.6,122,2023,"Comedy, Mystery, Sci-Fi, Thriller",46166,2023-07-21,"Juel Taylor",,
336,tt5727208,2024-10-18,2024-10-18,,"Uncut Gems","Uncut Gems",https://www.imdb.com/title/tt5727208/,Movie,7.4,135,2019,"Crime, Drama, Thriller",340812,2019-12-25,"Benny Safdie, Josh Safdie",,
337,tt5691670,2024-10-18,2024-10-18,,"Under the Silver Lake","Under the Silver Lake",https://www.imdb.com/title/tt5691670/,Movie,6.5,139,2018,"Crime, Horror, Mystery, Thriller",57305,2019-04-19,"David Robert Mitchell",,
338,tt11138512,2024-10-18,2024-10-18,,"The Northman","The Northman",https://www.imdb.com/title/tt11138512/,Movie,7.0,137,2022,"Action, Adventure, Drama, Fantasy, History, Thriller",287663,2022-04-22,"Robert Eggers",,
339,tt19770238,2024-10-19,2024-10-19,,"Aftersun","Aftersun",https://www.imdb.com/title/tt19770238/,Movie,7.6,102,2022,"Drama",120186,2022-11-18,"Charlotte Wells",,
340,tt2384811,2024-10-19,2024-10-19,,"Utopia","Utopia",https://www.imdb.com/title/tt2384811/,TV Series,8.4,50,2013,"Drama, Mystery, Sci-Fi, Thriller",54394,2013-01-15,,,
341,tt4975722,2024-10-27,2024-10-27,,"Moonlight","Moonlight",https://www.imdb.com/title/tt4975722/,Movie,7.4,111,2016,"Drama",345620,2016-11-18,"Barry Jenkins",,
342,tt0340855,2024-11-01,2024-11-01,,"Monster","Monster",https://www.imdb.com/title/tt0340855/,Movie,7.3,109,2003,"Biography, Crime, Drama, Thriller",169682,2004-01-30,"Patty Jenkins",,
343,tt4052882,2024-11-09,2024-11-09,,"The Shallows","The Shallows",https://www.imdb.com/title/tt4052882/,Movie,6.3,86,2016,"Drama, Horror, Thriller",151318,2016-06-24,"Jaume Collet-Serra",,
344,tt6820256,2024-11-09,2024-11-09,,"Arctic","Arctic",https://www.imdb.com/title/tt6820256/,Movie,6.8,98,2018,"Adventure, Drama",61540,2019-01-30,"Joe Penna",,
345,tt2944198,2024-11-09,2024-11-09,,"Backcountry","Backcountry",https://www.imdb.com/title/tt2944198/,Movie,6.0,92,2014,"Adventure, Drama, Horror, Thriller",26361,2015-03-20,"Adam MacDonald",,
346,tt2345737,2024-11-09,2024-11-09,,"The Rover","The Rover",https://www.imdb.com/title/tt2345737/,Movie,6.4,103,2014,"Action, Crime, Drama, Sci-Fi",53511,2014-06-20,"David Michôd",,
347,tt3467412,2024-11-09,2024-11-09,,"Extinction","Extinction",https://www.imdb.com/title/tt3467412/,Movie,5.8,112,2015,"Action, Adventure, Drama, Horror, Sci-Fi, Thriller",19173,2015-07-31,"Miguel Ángel Vivas",,
348,tt2131532,2024-11-09,2024-11-09,,"Hidden","Hidden",https://www.imdb.com/title/tt2131532/,Movie,6.4,84,2015,"Horror, Sci-Fi, Thriller",28175,2015-09-15,"Matt Duffer, Ross Duffer",,
349,tt4005402,2024-11-09,2024-11-09,,"Colonia","Colonia",https://www.imdb.com/title/tt4005402/,Movie,7.0,110,2015,"Biography, Drama, History, Romance, Thriller",59011,2016-04-15,"Florian Gallenberger",,
350,tt0163978,2024-11-09,2024-11-09,,"The Beach","The Beach",https://www.imdb.com/title/tt0163978/,Movie,6.6,119,2000,"Adventure, Drama, Romance, Thriller",264261,2000-02-11,"Danny Boyle",,
351,tt10265034,2024-11-09,2024-11-09,,"Land","Land",https://www.imdb.com/title/tt10265034/,Movie,6.7,89,2021,"Adventure, Drama",17252,2021-02-12,"Robin Wright",,
352,tt3892172,2024-11-09,2024-11-09,,"Leave No Trace","Leave No Trace",https://www.imdb.com/title/tt3892172/,Movie,7.1,109,2018,"Adventure, Drama",69136,2018-06-29,"Debra Granik",,
353,tt0166924,2024-11-10,2024-11-10,,"Mulholland Drive","Mulholland Dr.",https://www.imdb.com/title/tt0166924/,Movie,7.9,147,2001,"Drama, Mystery, Thriller",415218,2001-10-19,"David Lynch",,
354,tt28607951,2024-11-16,2024-11-16,,"Anora","Anora",https://www.imdb.com/title/tt28607951/,Movie,7.4,139,2024,"Comedy, Drama, Romance",227226,2024-11-08,"Sean Baker",,
355,tt29623480,2024-11-17,2024-11-17,,"The Wild Robot","The Wild Robot",https://www.imdb.com/title/tt29623480/,Movie,8.2,102,2024,"Animation, Adventure, Family, Sci-Fi",197961,2024-09-27,"Chris Sanders",,
356,tt22375054,2024-11-17,2024-11-17,,"Strange Darling","Strange Darling",https://www.imdb.com/title/tt22375054/,Movie,7.0,97,2023,"Horror, Thriller",61636,2024-08-23,"JT Mollner",,
357,tt28259207,2024-12-03,2024-12-03,,"Kill","Kill",https://www.imdb.com/title/tt28259207/,Movie,7.4,105,2023,"Action, Crime, Drama, Thriller",43583,2024-07-04,"Nikhil Nagesh Bhat",,
358,tt9892936,2024-12-13,2024-12-13,,"One Hundred Years of Solitude","Cien años de soledad",https://www.imdb.com/title/tt9892936/,TV Series,8.3,60,2024,"Drama, Fantasy, History",17891,2024-12-11,,,
359,tt24053860,2024-12-14,2024-12-14,,"The Day of the Jackal","The Day of the Jackal",https://www.imdb.com/title/tt24053860/,TV Series,8.1,,2024,"Action, Crime, Drama, Thriller",114897,2024-11-14,,,
360,tt0460989,2024-12-14,2024-12-14,,"The Wind that Shakes the Barley","The Wind That Shakes the Barley",https://www.imdb.com/title/tt0460989/,Movie,7.5,127,2006,"Drama, War",57646,2007-03-23,"Ken Loach",,
361,tt0248654,2024-12-29,2024-12-29,,"Six Feet Under","Six Feet Under",https://www.imdb.com/title/tt0248654/,TV Series,8.7,60,2001,"Comedy, Drama",162211,2001-06-03,,,
362,tt0117039,2025-01-12,2025-01-12,,"Michael Collins","Michael Collins",https://www.imdb.com/title/tt0117039/,Movie,7.1,133,1996,"Biography, Drama, History, Thriller, War",35490,1996-10-25,"Neil Jordan",,
363,tt8999762,2025-01-25,2025-01-25,,"The Brutalist","The Brutalist",https://www.imdb.com/title/tt8999762/,Movie,7.3,216,2024,"Drama",104319,2025-01-24,"Brady Corbet",,
364,tt21823606,2025-01-25,2025-01-25,,"A Real Pain","A Real Pain",https://www.imdb.com/title/tt21823606/,Movie,7.0,90,2024,"Comedy, Drama",114365,2024-11-15,"Jesse Eisenberg",,
365,tt0838283,2025-01-25,2025-01-25,,"Step Brothers","Step Brothers",https://www.imdb.com/title/tt0838283/,Movie,6.9,98,2008,"Comedy",334634,2008-07-25,"Adam McKay",,
366,tt0448134,2025-01-26,2025-01-26,,"Sunshine","Sunshine",https://www.imdb.com/title/tt0448134/,Movie,7.2,107,2007,"Sci-Fi, Thriller",281178,2007-07-27,"Danny Boyle",,
367,tt2719848,2025-01-26,2025-01-26,,"Everest","Everest",https://www.imdb.com/title/tt2719848/,Movie,7.1,121,2015,"Adventure, Biography, Drama, Thriller",242916,2015-09-25,"Baltasar Kormákur",,
368,tt1001508,2025-02-14,2025-02-14,,"He's Just Not That Into You","He's Just Not That Into You",https://www.imdb.com/title/tt1001508/,Movie,6.4,129,2009,"Comedy, Drama, Romance",190642,2009-02-06,"Ken Kwapis",,
369,tt0240890,2025-02-14,2025-02-14,,"Serendipity","Serendipity",https://www.imdb.com/title/tt0240890/,Movie,6.8,90,2001,"Comedy, Romance",128152,2001-10-05,"Peter Chelsom",,
370,tt1022603,2025-02-14,2025-02-14,,"500 Days of Summer","(500) Days of Summer",https://www.imdb.com/title/tt1022603/,Movie,7.6,95,2009,"Comedy, Drama, Romance",601799,2009-08-07,"Marc Webb",,
371,tt0088847,2025-02-14,2025-02-14,,"The Breakfast Club","The Breakfast Club",https://www.imdb.com/title/tt0088847/,Movie,7.8,97,1985,"Comedy, Drama",463518,1985-02-15,"John Hughes",,
372,tt12299608,2025-03-01,2025-03-01,,"Mickey 17","Mickey 17",https://www.imdb.com/title/tt12299608/,Movie,6.7,137,2025,"Adventure, Comedy, Fantasy, Sci-Fi",200075,2025-03-07,"Bong Joon Ho",,
373,tt4857264,2025-03-09,2025-03-09,,"The Invisible Guest","Contratiempo",https://www.imdb.com/title/tt4857264/,Movie,8.0,106,2016,"Crime, Drama, Mystery, Thriller",206765,2017-01-06,"Oriol Paulo",,
374,tt4481414,2025-03-09,2025-03-09,,"Gifted","Gifted",https://www.imdb.com/title/tt4481414/,Movie,7.6,101,2017,"Drama",154495,2017-04-12,"Marc Webb",,
375,tt4540710,2025-03-09,2025-03-09,,"Miss Sloane","Miss Sloane",https://www.imdb.com/title/tt4540710/,Movie,7.5,132,2016,"Drama",86967,2016-12-09,"John Madden",,
376,tt4425200,2025-03-09,2025-03-09,,"John Wick: Chapter 2","John Wick: Chapter 2",https://www.imdb.com/title/tt4425200/,Movie,7.4,122,2017,"Action, Crime, Thriller",553899,2017-02-10,"Chad Stahelski",,
377,tt3581920,2025-03-09,2025-03-09,,"The Last of Us","The Last of Us",https://www.imdb.com/title/tt3581920/,TV Series,8.5,50,2023,"Action, Adventure, Drama, Horror, Sci-Fi, Thriller",699026,2023-01-15,,8,2024-07-21
378,tt31806037,2025-03-28,2025-03-28,,"Adolescence","Adolescence",https://www.imdb.com/title/tt31806037/,TV Mini Series,8.1,60,2025,"Crime, Drama, Thriller",238983,2025-03-13,,,
379,tt30144839,2025-03-30,2025-03-30,,"One Battle After Another","One Battle After Another",https://www.imdb.com/title/tt30144839/,Movie,8.5,161,2025,"Action, Crime, Drama, Thriller",14252,2025-09-26,"Paul Thomas Anderson",,
380,tt28082769,2025-03-30,2025-03-30,,"September 5","September 5",https://www.imdb.com/title/tt28082769/,Movie,7.1,95,2024,"Drama, History, Thriller",30840,2025-02-25,"Tim Fehlbaum",,
381,tt0117333,2025-06-18,2025-06-18,,"Phenomenon","Phenomenon",https://www.imdb.com/title/tt0117333/,Movie,6.5,123,1996,"Drama, Fantasy, Romance, Sci-Fi",87650,1996-07-03,"Jon Turteltaub",,
382,tt2397535,2025-06-19,2025-06-19,,"Predestination","Predestination",https://www.imdb.com/title/tt2397535/,Movie,7.4,97,2014,"Action, Drama, Sci-Fi, Thriller",327079,2015-01-09,"Michael Spierig, Peter Spierig",,
383,tt16311594,2025-07-05,2025-07-05,,"F1: The Movie","F1",https://www.imdb.com/title/tt16311594/,Movie,7.8,155,2025,"Action, Drama, Sport",214356,2025-06-27,"Joseph Kosinski",9,2025-08-31
384,tt14452776,2025-07-05,2025-07-05,,"The Bear","The Bear",https://www.imdb.com/title/tt14452776/,TV Series,8.5,30,2022,"Comedy, Drama",291662,2022-06-23,,,
385,tt32768323,2025-07-05,2025-07-05,,"The Assessment","The Assessment",https://www.imdb.com/title/tt32768323/,Movie,6.6,114,2024,"Drama, Sci-Fi",18031,2025-04-08,"Fleur Fortune",,
386,tt12042730,2025-07-06,2025-07-06,,"Project Hail Mary","Project Hail Mary",https://www.imdb.com/title/tt12042730/,Movie,,,2026,"Sci-Fi",0,2026-03-20,"Phil Lord, Christopher Miller",,
387,tt14107334,2025-07-06,2025-07-06,,"The Running Man","The Running Man",https://www.imdb.com/title/tt14107334/,Movie,,,2025,"Action, Adventure, Sci-Fi, Thriller",0,2025-11-14,"Edgar Wright",,
388,tt31710249,2025-07-06,2025-07-06,,"Stick","Stick",https://www.imdb.com/title/tt31710249/,TV Series,7.2,,2025,"Comedy, Sport",15383,2025-06-04,,,
389,tt9603208,2025-07-06,2025-07-06,,"Mission: Impossible - The Final Reckoning","Mission: Impossible - The Final Reckoning",https://www.imdb.com/title/tt9603208/,Movie,7.2,169,2025,"Action, Adventure, Thriller",164481,2025-05-23,"Christopher McQuarrie",,
390,tt7181546,2025-07-12,2025-07-12,,"Ballerina","Ballerina",https://www.imdb.com/title/tt7181546/,Movie,6.9,124,2025,"Action, Thriller",103470,2025-06-06,"Len Wiseman",,
391,tt31193180,2025-07-12,2025-07-12,,"Sinners","Sinners",https://www.imdb.com/title/tt31193180/,Movie,7.6,137,2025,"Action, Drama, Horror, Music, Thriller",281632,2025-04-18,"Ryan Coogler",,
392,tt7556122,2025-07-12,2025-07-12,,"The Old Guard","The Old Guard",https://www.imdb.com/title/tt7556122/,Movie,6.7,125,2020,"Action, Thriller",206031,2020-07-10,"Gina Prince-Bythewood",,
393,tt11291274,2025-07-13,2025-07-13,,"The Unbearable Weight of Massive Talent","The Unbearable Weight of Massive Talent",https://www.imdb.com/title/tt11291274/,Movie,7.0,107,2022,"Action, Comedy, Crime, Thriller",173741,2022-04-22,"Tom Gormican",,
394,tt31227572,2025-07-27,2025-07-27,,"Predator: Badlands","Predator: Badlands",https://www.imdb.com/title/tt31227572/,Movie,,,2025,"Action, Adventure, Sci-Fi, Thriller",0,2025-11-07,"Dan Trachtenberg",,
395,tt6146586,2025-07-27,2025-07-27,,"John Wick: Chapter 3 - Parabellum","John Wick: Chapter 3 - Parabellum",https://www.imdb.com/title/tt6146586/,Movie,7.4,130,2019,"Action, Crime, Drama, Thriller",465463,2019-05-17,"Chad Stahelski",,
396,tt10676052,2025-08-02,2025-08-02,,"The Fantastic Four: First Steps","The Fantastic Four: First Steps",https://www.imdb.com/title/tt10676052/,Movie,7.2,114,2025,"Action, Adventure, Sci-Fi",147573,2025-07-25,"Matt Shakman",,
397,tt2580382,2025-08-09,2025-08-09,,"The Survivalist","The Survivalist",https://www.imdb.com/title/tt2580382/,Movie,6.4,104,2015,"Drama, Sci-Fi, Thriller",19769,2016-02-12,"Stephen Fingleton",,
398,tt1598642,2025-08-09,2025-08-09,,"Z for Zachariah","Z for Zachariah",https://www.imdb.com/title/tt1598642/,Movie,6.0,98,2015,"Drama, Romance, Sci-Fi, Thriller",34069,2015-08-13,"Craig Zobel",,
399,tt28996126,2025-08-17,2025-08-17,,"Nobody 2","Nobody 2",https://www.imdb.com/title/tt28996126/,Movie,6.3,89,2025,"Action, Comedy, Crime, Thriller",37976,2025-08-15,"Timo Tjahjanto",,
400,tt30253473,2025-08-17,2025-08-17,,"Materialists","Materialists",https://www.imdb.com/title/tt30253473/,Movie,6.3,116,2025,"Comedy, Romance",56337,2025-06-13,"Celine Song",,
401,tt23149780,2025-08-17,2025-08-17,,"Eden","Eden",https://www.imdb.com/title/tt23149780/,Movie,6.4,129,2024,"History, Thriller",16376,2025-08-22,"Ron Howard",,
402,tt12908150,2025-08-17,2025-08-17,,"The Life of Chuck","The Life of Chuck",https://www.imdb.com/title/tt12908150/,Movie,7.3,111,2024,"Drama, Fantasy, Sci-Fi",33471,2025-06-13,"Mike Flanagan",,
403,tt31176520,2025-08-17,2025-08-17,,"Eddington","Eddington",https://www.imdb.com/title/tt31176520/,Movie,6.7,148,2025,"Comedy, Drama, Western",28369,2025-07-18,"Ari Aster",,
404,tt1188729,2025-08-24,2025-08-24,,"Pandorum","Pandorum",https://www.imdb.com/title/tt1188729/,Movie,6.7,108,2009,"Action, Horror, Mystery, Sci-Fi, Thriller",165430,2009-09-25,"Christian Alvart",,
405,tt4572514,2025-08-24,2025-08-24,,"Patriots Day","Patriots Day",https://www.imdb.com/title/tt4572514/,Movie,7.3,133,2016,"Action, Crime, Drama, History, Thriller",120015,2017-01-13,"Peter Berg",,
406,tt7130300,2025-08-30,2025-08-30,,"The Woman in Cabin 10","The Woman in Cabin 10",https://www.imdb.com/title/tt7130300/,Movie,,92,2025,"Drama, Mystery, Thriller",0,2025-10-10,"Simon Stone",,
407,tt12300742,2025-09-13,2025-09-13,,"Bugonia","Bugonia",https://www.imdb.com/title/tt12300742/,Movie,6.9,120,2025,"Comedy, Crime, Sci-Fi",827,2025-10-31,"Yorgos Lanthimos",,
408,tt10374610,2025-09-14,2025-09-14,,"The Long Walk","The Long Walk",https://www.imdb.com/title/tt10374610/,Movie,7.3,108,2025,"Thriller",21757,2025-09-12,"Francis Lawrence",,
409,tt0181865,2025-09-15,2025-09-15,,"Traffic","Traffic",https://www.imdb.com/title/tt0181865/,Movie,7.5,147,2000,"Crime, Drama, Thriller",227073,2001-01-05,"Steven Soderbergh",,
410,tt0389557,2025-09-15,2025-09-15,,"Black Book","Zwartboek",https://www.imdb.com/title/tt0389557/,Movie,7.7,145,2006,"Drama, Thriller, War",82848,2007-05-18,"Paul Verhoeven",,
